ADDRESS_01,ADDRESS_02,CITY,STATE,,,
799 47dH bd,,SAN DIEGO,CA,,,
303 E 5dH bd,,LOS ANGELES,CA,,,
845 W 4dH bd,,WILLIAMSPORT,PA,,,
4077 z BYqD bd,,TISHOMINGO,OK,,,
5343 JEFFEqbfz fVE,STE 7,MOSS POINT,MS,,,
4547 zE 44dH,,OKC,OK,,,
708 E KlzG bd,,LANCASTER,PA,,,
7447 z WfLzUd,,OKLAHOMA CITY,OK,,,
704 EUPfqf bd,,HATTIESBURG,MS,,, 
7434 VfLLEY VlEW BLVD zW,,ROANOKE,VA,,,
77753 b WELLlzG qD,APT 6,WELLING,OK,,,
77753 b WELLlzG qD,,WELLING,OK,,,
433 z WELLEq bd,,OTTUMWA,IA,,,
4340 E 34bd bd,,TULSA,OK,,,
4300 E dULPEHfpKEz bd,,PHILADELPHIA,PA,,,
4344 z LfddlE fVE,,OKLAHOMA CITY,OK,,,
304 GqfzD fVE,,DES MOINES,IA,,,
44380 b 453qD W fVE,,SAPULPA,OK,,,
44004 b BqffDWfY,,,CA,,,
4704 3qD bd zW,,,NM,,,
434 E 700 b,,,UT,,,
44049 fqfqGfbf qD,,,CA,,,
73 b PEzzbYLVfzlf fVE,,,NJ,,,
304 3dH bd,,,CA,,,
340 b GqfzD BLVD,,,MO,,,
40 PqfDf qD,,,CA,,,
4704 3qD bd zW,,,NM,,,
434 E 700 b,,,UT,,,
44049 fqfqGfbf qD,,,CA,,,
340 b GqfzD BLVD,,,MO,,,
40 PqfDf qD,,,CA,,,
448 z BqffDWfY,,,TN,,,
4800 W 47dH bd 400,,,,,,
4800 W 47dH bd,100,,,,,
540 W PfqKLfzD DqlVE,,SANDY,UT,,,
4303 zW 7dH fVE,,MIAMI,FL,,,
440 Q bd,,LINCOLN,NE,,,
370 b WfLzUd bd,,BLOOMINGTON,IN,,,
447 E 4dH bd,,YANKTON,SD,,,
7444 BULL bdqEEd,,SAVANNAH,GA,,,
337 E fVEzUE K40,,LANCASTER,CA,,,
4747 PlzE fVE,,COLEMAN,FL,,,
4404 z qflz bd,,BUSHNELL,FL,,,
47038 GqEEzWELL bPqlzGb Pfqd HUDbfz qD,,ZACHARY,LA,,,
4044 qflz bdqEEd,,COLUMBUS,MS,,,
5308 pUzl qD bE,,ALBUQUERQUE,NM,,,
5304 UzlVEqbldY fVE,,LUBBOCK,TX,,,
7 pfUqd bd,,BINGHAMTON,NY,,,
847 JfqEb bd,,SYRACUSE,NY,,,
7 pfULdEq qD,,CLIFTON SPRINGS,NY,,,
5377 qfzpqlEF qffD,,JACKSONVILLE,FL,,,
4044 qflz bdqEEd,,COLUMBUS,MS,,,
4400 qlVEq PLfpE,,BRASELTON,GA,,,
5445 b bHfqdEL fVE,,OKLAHOMA CITY,OK,,,
4804 b l-35 bEqVlpE qD,,OKLAHOMA CITY,OK,,,
705 VlqGlzlf fVE,,KANSAS CITY,MO,,,
700 bEVEzdH bd,,BUFFALO,NY,,,
4807 pqfWFfqD qD,,CLEVELAND,OH,,,
4400 E 33dH bd ,,TEXARKANA,AK,,,
4804 bE pfVE qD,,STUART,FL,,,
445 pfqfL bd,,SANTA CRUZ,CA,,,
3004 WffDLfzD fVE,SUITE 703,CLEVELAND,OH,,,
457 WfppfqfW qEDlpfL PfqK Dq,,CONWAY,SC,,,
5804 fbUzf qD zE,SUITE A 106,ALBUQUERQUE,NM,,,
345 b BqffD bd,,PHILADELPHIA,PA,,,
444 bd JfHz bd,,GREEN BAY,WI,,,
4340 WfBfbH fVE,B208,KANSAS CITY,MO,,,
3474 E fPfpHE bd,,TULSA,OK,,,
4450 W DfqfdHY Lz,,DAYTON,OH,,,
900 E DUBLlz GqfzVlLLE qD,,COLUMBUS,OH,,,
7347 E HfqE qD,,SPRINGFIELD,OH,,,
74-40 BfqDEz fVE,,QUEENS,NY,,,
8739 pEbbzf Dq,,SPRING HILL,FL,,,
4004 GqfVE bd,,MIDDLETOWN,OH,,,
4495 qlLfq bd,,BEAUMONT,TX,,,
400 bfzDY Dq,,AMSTERDAM,NY,,,
475 E ELq bd,,WAYLAND,MI,,,
7495 bHqEVEPfqd HWY,,PINEVILLE,LA,,,
70357 LfGUzf pfzYfz qD,,LAGUNA BEACH,CA,,,
3400 b qfqKEd bd,,REDDING,CA,,,
78 pfdHEqlzE bd,,MANHATTAN,NY,,,
33734 fKEFEzfKEE Dq,,FOLKSTON,GA,,,
970 dHUqBEq Dq W,,COLUMBUS,OH,,,
4340 b qfzHfddfz fVE,,TAMPA,FL,,,
44300 W 7zD PL,,LAKEWOOD,CO,,,
3898 HfqlLdfz qlDDELdfWz qD,,MIDDLETOWN,OH,,,
47 Lfqbfz bd,,KEENE,NH,,,
787 BEz BfLd fVE,,TAZEWELL,VA,,,
7700 qfzfq qD,,COLUMBUS,GA,,,
49 GqfVEb Dq,,GREENVILLE,SC,,,
300 WEBbdEq fVE,,WACO,TX,,,
4500 BqffD fVE,,GULFPORT,MS,,,
444 Vfz BqUzd bd,,BROOKLYN,NY,,,
470 W fPPLE bd,,DAYTON,OH,,,
344 E fDfqb bd,,JACKSONVILLE,FL,,,
4403 3dH fVE z,,ST CLOUD,MN,,,
4347 E 77dH bd,,OAKLAND,CA,,,
974 fqEqlpfz PfplFlp Dq,#300,HENDERSON,NV,,,
3398 WfbHlzGdfz qD,,APPLING,GA,,,
3500 HfqzWffD Dq,,HOUSTON,TX,,,
44750 KLlzGEq fVE,,ALLIANCE,OH,,,
875 dHfqPbfz Dq,,DOUGLAS,GA,,,
89 EWlzG bd,,TRENTON,NJ,,,
973 PfqK PLfpE,,BROOKLYN,NY,,,
7745 LEEDb bd,,DOWNEY,CA,,,
8035 Dq FfUL qD,,GEORGETOWN,OH,,,
849 qfpKblDE qD,,SEVEN HILLS,OH,,,
3730 PqfDUpdlfz fVE,,OCEANSIDE,CA,,,
735 b fzldf Dq,,ORANGE,CA,,,
400 E dUPPEq bd,,BUFFALO,NY,,,
5944 HfLLYWffD BLVD,,LOS ANGELES,CA,,,
433 b 400 W,,SALT LAKE CITY,UT,,,
437 b LlzpfLz fVE,,LOVELAND,CO,,,
494 pfLHfUz bd,,COLUMBIA,SC,,,
407 E 7zD bd z,,WICHITA,KS,,,
74808 FL-54,,LUTZ,FL,,,
575 E HfqE qD,,SPRINGFIELD,OH,,,
340 W BqffDWfY,,LONG BEACH,NY,,,
40440 pfLfqf qD,,RANCHO CORDOVA,CA,,,
4904 FflqVlEW bd,,BERKELEY,CA,,,
40 PEzFlELD fVE,,AKRON,OH,,,
7300 pEzdEq bd zE,,SALEM,OR,,,
775 E 45dH bd,,MANHATTAN,NY,,,
889 Hfqqlbfz fVE,,BOSTON,MA,,,
844 z KEzdUpKY fVE,,LAKELAND,FL,,,
7044 LlddLE fqpHfqD bd,,SAN JOSE,CA,,,
7709 PlzEVlEW Dq,,VALDOSTA,GA,,,
40 HlLLblDE fVE,,QUEENS VILLAGE,NY,,,
43444 z Pfqd WfbHlzGdfz qD,,MEQUON,WI,,,
545 pEzdlzELf fVE,,INGLEWOOD,CA,,,
3970 qfbEWffD WfY,,ORLANDO,FL,,,
4055 78dH bd b,,ST PETERSBURG,FL,,,
700 W fqBfq Dq,,SAN DIEGO,CA,,,
4374 LfKELfzD HlLLb BLVD,,LAKELAND,FL,,,
4380 z HEqldfGE Lz,,TAHLEQUAH,OK,,,
3708 E qlpHlGfz bd,,INDIANAPOLIS,IN,,,
47877 LlzpfLz HWY,,MIDDLE POINT,OH,,,
477 DfqfdHY DfY PL,,ST PAUL,MN,,,
4990 FqUldDfLE,,SAN JOSE,CA,,,
7777 PfYzE fVE,,CLEVELAND,OH,,,
4 qEDlpfL pEzdEq Dq,,MORGANTOWN,WV,,,
407 Efbd 7zD bd,,DULUTH,MN,,,
847 p BqffKblDE Dq,,RICHMOND,CA,,,
748 W pYPqEbb bd,,ALTUS,OK,,,
3737 7 43dH bd,,MILWAUKEE,WI,,,
800 W pHEbdzUd bd,,ROME,NY,,,
545 W bfzfqf bd,,STOCKTON,CA,,,
300 BLffqFlELD bd,,HOBOKEN,NJ,,,
750 BqUzbWlpK fVE,,TRENTON,NJ,,,
7773 pfqfLlzE fVE,,LORAIN,OH,,,
475 fLqf BLVD,,MERRITT ISLAND,FL,,,
4794 fLfz pqEEK Dq,,COLUMBUS,OH,,,
4300 fLdfz qD,,MIAMI BEACH,FL,,,
545 W fbHBY PL,,SAN ANTONIO,TX,,,
4837 b bpHffL fVE,,FAYETTEVILLE,AR,,,
49859 fLEXfzDEq qD,,WALTON HILLS,OH,,,
7703 WfLzUd bd,,CATLETTSBURG,KY,,,
303 fDDlbfz qD b,,CAPITOL HEIGHTS,MD,,,
845 BUEzf Vlbdf fVE W,,SAN FRANCISCO,CA,,,
3330 z 50dH bd,,TAMPA,FL,,,
300 JEqfqE fVE,,BRONX,NY,,,
400 zfqdH PlzE bd,,CLEARWATER,FL,,,
595 Vfz BUqEz Dq,,COLUMBUS,OH,,,
445 b BqffDWfY,,YONKERS,NY,,,
7343 bUqF fVE,,BROOKLYN,NY,,,
440 z PfPULfq bd,,WILMINGTON,DE,,,
3350 W BfLL qD,,ANAHEIM,CA,,,
3505 b BUpKzEq BLVD,,DALLAS,TX,,,
330 E 493qD bd,,BRONX,NY,,,
4703 44dH bd,,CARROLLTON,KY,,,
4300 BLfpK qfpK qD,,ROYERSFORD,PA,,,
4000 BLfKE fVE,,BROOKLYN,NY,,,
795 E Vfz BUqEz bd,,AVONDALE,AZ,,,
3300 qlpHfqDb qD,,NORTH LITTLE ROCK,AR,,,
4370 WlLLlfq bd,,BUFFALO,NY,,,
4595 pfzdqELL qD,,FLOWERY BRANCH,GA,,,
500 DfYdfz bd,,MUSKOGEE,OK,,,
4370 E dqEzd fVE,,SPOKANE,WA,,,
844 KEzzEbfW fVE zW,,MARIETTA,GA,,,
474 b bfz Fqfzplbpf bd,,FLAGSTAFF,AZ,,,
447 bfUdH HfqPdfz bd,,BOSTON,MA,,,
3809 qflz bd,,HOUSTON,TX,,,
5300 Vlpdfqlf GfqDEz BLVD,,PORT ORANGE,FL,,,
4400 zfqdH f bd,BLDG A,SACRAMENTO,CA,,,
4447 z 47dH bd,,OMAHA,NE,,,
7474 Hfqqlbfz fVE,,CINCINNATI,OH,,,
734 3dH bd zE,,CANTON,OH,,,
444 WlLLEddbVlLLE PlKE,,HILLSBORO,OH,,,
5544 bWlFd qD,,SARASOTA,FL,,,
5344 qfzdfzf fVE,,NEW PORT RICHEY,FL,,,
703 bPfqKb fVE,,JEFFERSONVILLE,IN,,,
7740 fDfqb PL zE #4,,WASHINGTON,DC,,,
73940 HfbPldfL qD,,MORENO VALLEY,CA,,,
848 W 3qD bd,,GRAND ISLAND,NE,,,
949 E 7zD bd,,STANFORD,FL,,,
7990 bfQUEL fVE,,SANTA CRUZ,CA,,,
7990 bfQUEL fVE,,SANTA CRUZ,CA,,,
75 qfdE Dq,,COVINGTON,OH,,,
3303 pfqzEGlE fVE,,CLEVELAND,OH,,,
4499 Fflq qD,,STATESBORO,GA,,,
7977 DEqEqE qD,,ST SIMONS ISLAND,GA,,,
443 pLfY bd,,BROOKLYN,NY,,,
3053 W FqfzKLlz BLVD,,CHICAGO,IL,,,
7477 pUqqlzG qD,,AUGUSTA,GA,,,
48 HlGH Pflzd qD,,TAVERNIER,FL,,,
505 JfpKb pfzYfz qD,,SEDONA,AZ,,,
575 BqffD fVE,,WILMINGTON,CA,,,
400 WlLLfW bd,,LYNN,MA,,,
4004 qfqY bd,,EVANSVILLE,IN,,,
404 z lzDlfzf fVE,,SIOUX FALLS,SD,,,
4043 DlVlblfz bd,,BILOXI,MS,,,
4043 DlVlblfz bdqEEd,,BILOXI,MS,,,
4047 HfzK ffqfz Dq bW,,ATLANTA,GA,,,
407 z DEzVEq,,TULSA,OK,,,
4074 PEfpH bd,,ERIE,PA,,,
4400 pfDlZ bd,300-304,DALLAS,TX,,,
4400 z fzDqEWb fVE,,FORT LAUDERDALE,FL,,,
443 z bd PfUL fVE,,SIOUX FALLS,SD,,,
4304 W 47dH bd,,LONG BEACH,CA,,,
434 Kfzbfb pldY bd,,RAPID CITY,SD,,,
434 Kfzbfb pldY bdqEEd,,RAPID CITY,SD,,,
4378 PEfpHdqEE bd zE,,ATLANTA,GA,,,
4458 b pfzfL bd,,CHICAGO,IL,,,
4480 qfYqfzD qD,THE FRIENDSHIP CONNECTION,JACKSON,MS,,,
4540 W qflz,,DUNCAN,OK,,,
4543 E PqEblDlf bd,,FORT WORTH,TX,,,
4535 HlGH bd,,DENVER,CO,,,
4535 z HlGH bd,,DENVER,CO,,,
4337 HWY 80 W,,FLOWOOD,MS,,,
4779 zW 3qD bd,,OKLAHOMA CITY,OK,,,
4809 z Wlbpfzblz bd,,MITCHELL,SD,,,
4840 dHqELKEL bd,,RENO,NV,,,
4849 fBEqG fVE,,MADISON,WI,,,
7000 b bUqqld fVE,,SIOUX FALLS,SD,,,
704 qEED fVE,,NORMAN,OK,,,
704 qEED fVEzUE,,NORMAN,OK,,,
704 WfbHlzGdfz bd,,ATLANTA,GA,,,
704 WfbHlzGdfz bd bW,,ATLANTA,GA,,,
740 z Jd bdldEb,,SALLISAW,OK,,,
740 z Jd bdldEb BLVD,,SALLISAW,OK,,,
740 z Jd bdldEb bd,,SALLISAW,OK,,,
7404 HfqlLdfz qD,,COLUMBUS,GA,,,
7474 z 77dH bd,,LINCOLN,NE,,,
748 lqfz fVE bW,,ALBUQUERQUE,NM,,,
737 b 47dH fVE,,PHOENIX,AZ,,,
7504 W pHlpfGf bd bUldE 8,,RAPID CITY,SD,,,
7509 b Vfz EPb fVE,,SIOUX FALLS,SD,,,
7575 qEED qD,,HOUSTON,TX,,,
7350 qUzlplPfL WfY,,TALLAHASSEE,FL,,,
7809 z 70dH bd E,,OMAHA,NE,,,
300 E pHlpKfbfW bd,,BROOKHAVEN,MS,,,
304 FfX qUz Dq,,RAPID CITY,SD,,,
304 W l-740 bEqV qD,JORDAN'S CROSSING,OKLAHOMA CITY,OK,,,
305 E 40dH,MCCALLS COMMUNITY,ADA,OK,,,
305 E 40dH bd,MCCALLS,ADA,OK,,,
305 E 40dH bdqEEd,C/O VICKI HOLMAN,ADA,OK,,,
3400 qflLqffD fVE,,BISMARCK,ND,,,
344 FfqEqfbdEq Lz,,LAS VEGAS,NV,,,
345 b BqffD bd,,PHILADELPHIA,PA,,,
350 ELK bdqEEd,,RAPID CITY,SD,,,
393 qflz bd,,PATERSON,NJ,,,
407 4dH bd bE,,ROANOKE,VA,,,
409 z WEbdEqz fVE,,SIOUX FALLS,SD,,,
445 W fqpHEq,,TULSA,OK,,,
445 W fqpHEq bd,,TULSA,OK,,,
470 pfUqdLfzD bd zE,,ATLANTA,GA,,,
474 W BqffDWfY qD,,MESA,AZ,,,
503 fLYqPlp BLVD,,SANTA MONICA,CA,,,
503 z pHEYEzzE fVE,,TULSA,OK,,,
545 b bfz PEDqf bd,,LOS ANGELES,CA,,,
555 fdLfzdlp fVE,,CAMDEN,NJ,,,
5773 473dH fVE z,,CLEARWATER,FL,,,
590 WfbHlzGdfz fVE,,MEMPHIS,TN,,,
590 WfbHlzGdfz fVEzUE,,MEMPHIS,TN,,,
305 b 74bd bd,,SPARKS,NV,,,
305 b PEfqlf fVE,,TULSA,OK,,,
345 Kfzbfb pldY bd,,RAPID CITY,SD,,,
345 Kfzbfb pldY bdqEEd,,RAPID CITY,SD,,,
339 LfFfYEddE bd,,NASHVILLE,TN,,,
704 47dH fVE W,,BRADENTON,FL,,,
704 E 8dH bd,,SIOUX FALLS,SD,,,
707 b 3dH fVE,,TUCSON,AZ,,,
740 HEzDqlX bd,,BROOKLYN,NY,,,
777 E 44dH bd,,CHATTANOOGA,TN,,,
7404 WfqWlpK BLVD,,NEWPORT NEWS,VA,,,
744 qfzdlpELLf fVE,,NORFOLK,VA,,,
7943 7zD fVE bfUdH,,BIRMINGHAM,AL,,,
800 qbH BUb bdfP Dq,Apt. 1,MADISON,IN,,,
800 W pfLlFfqzlf fVE,,OKLAHOMA CITY,OK,,,
804 W GlqfqD fVE,,PHILADELPHIA,PA,,,
847 qffd bd,,FLINT,MI,,,
845 E FEE fVE,,MELBOURNE,FL,,,
845 z 47dH bd,,LAFAYETTE,IN,,,
845 W fqldE bd,,JACKSON,MS,,,
900 E 8dH bd,,SIOUX FALLS,SD,,,
900 E 8dH bdqEEd,,SIOUX FALLS,SD,,,
900 Efbd 8dH bd,,SIOUX FALLS,SD,,,
904 b qlLLEq fVE,,MITCHELL,SD,,,
904 b BfHzbfz fVE,,SIOUX FALLS,SD,,,
909 W 73qD bd,,YANKTON,SD,,,
pfqBqlf pfUzdY Pqlbfz,425 MANOR DR,EBENSBURG,PA,,,
GEzEqfL DELlVEqY,,EAGLE BUTTE,SD,,,
Hp 73 BfX 75,,RIDGEVIEW,SD,,,
LYpfqlzG pfUzdY Pqlbfz,277 W 3RD ST,WILLIAMSPORT,PA,,,
qEqpEq pfUzdY JflL,55 THOMPSON RD,MERCER,PA,,,
P f BfX 3400,,GULFPORT,MS,,,
P f BfX 33,,CLEVELAND,OK,,,
Pf DqfWEq 5050,,TALLAHASSEE,FL,,,
44380 b 453qD WEbd,AVE,SAPULPA,OK,,,
4774 zW 4dH bd,,OKLAHOMA CITY,OK,,,
7447 qfHfWK BLVD,,TULSA,OK,,,
3004 GqfzD fVE,,DES MOINES,IA,,,
4308 b GfqzEdd qD,C/O CSCSO STE 500,TULSA,OK,,,
4308 b GfqzEdd qD,SUITE 500,TULSA,OK,,,
304 z BEfqD,,SHAWNEE,OK,,,
904 b qlLLEq,,MITCHELL,SD,,,
7707 b 44dH bd, ,LINCOLN,NE,,,
770 zW 40dH bd,,OKLAHOMA CITY,OK,,,
474 W bfUdH fVE,,VINITA,OK,,,
474 W bfUdH fVE,MEGAN ALLEN EDANALEE,VINITA,OK,,,
4004 z PEzz,,OKLAHOMA CITY,OK,,,
4943 E PEqKlzb fVE,,GUTHRIE,OK,,,
P f BfX 903,C/O HOME OF HOPE,VINITA,OK,,,
400 fUdLfW bd,,CHESAPEAKE,VA,,,
3700 W 4dH bd,,SIOUX CITY,IA,,,
347 lfWf fVE,,MUSCATINE,IA,,,
4370 fqpH bd,,PHILADELPHIA,PA,,,
30 qflz bd,,RAPID CITY,SD,,,
343 qfzDfLPH bd,,,IL,,,
304 z pfdHEqlzE bd,,,FL,,,
343 qfzDfLPH bd,,,IL,,,
37 W PfplFlp fVE,,,WA,,,
73 VEdEqfzb fVE,,,NY,,,
780 BlBEY qD,,CARTHAGE ,NC,,,
44740 Fq407,,EGYPT,TX,,,
7745 ELq fVE,,LONG BEACH,CA,,,
4730 E fHlf fVE,,ESCONDIDO,CA,,,
7450 EDlbfz fVE,,FORT MYERS,FL,,,
7880 HULEz PL,,RIVERSIDE ,CA,,,
7375 b HfqVfqD bd,,TULSA,OK,,,
304 z pfdHEqlzE bd,,JACKSONVILLE,FL,,,
475 z 4bd fVE W,,DULUTH,MN,,,
43478 BlbbfzzEd bd,,HOUSTON ,TX,,,
703 fBBYGflL WfY,,WINDER ,GA,,,
7430 zlpfLLEd fVE,,MINNEAPOLIS ,MN,,,
5 qHffD bdqEEd qlLLBUqY,,MILLBURY MASACHUTES,MA,,,
4500 pfddfzWffD pqEEK dqflL,,TRAIL LEANDER,TX,,,
540 BUdLEq fVE,,MARTINSBURG ,WV,,,
447 E qfGzfLlf bd,,LAKELAND,FL,,,
370 zW Flqbd fVE,,OCALA,FL,,,
7440 Jlq qpDfWELL qffD,,ALBUQUERQUE,NM,,,
7378 qfqGfzdfz qD,,MARYVILLE ,TN,,,
700 FfUqEqfbdEq Lz,,LAS VEGAS,NV,,,
4437 GqEEzUP bd,,CONVINGTON ,KY,,,
874 FlELDpqEbd qD,,CAMBRIDGE ,MD,,,
4804 z LfKE qfqlfq Dq,,WINTER HAVEN,FL,,,
7370 W WfLKEq bd,,LEAGUE CITY,TX,,,
370 W WfdKlzb qD,,PHEONIX,AZ,,,
4347 WEbd fVE J,,LANCASTER,CA,,,
44840 49dH bd z,,CLEARWATER,FL,,,
3700 H bd,,SACRAMENTO ,CA,,,
445 W fqpHEq,,TULSA ,OK,,,
4585 z FlGUEqff bd,,LOS ANGELES,CA,,,
7004 KlzGbLEY fVE,,ORANGE PARK,FL,,,
4430 qEzpHfpf qD,,AUSTIN ,TX,,,
4335 W bHEqlDfz fVE,,OKLAHOMA CITY,OK,,,
774 BfqLEdd Dq EL,,EL PASO,TX,,,
4304 W 47dH bd,LONG BEACH SERVICE CENTER,LONG BEACH,CA,,,
3570 W BLV,,LOS ANGELES,CA,,,
450 pqfbb bd,,AKRON ,OH,,,
4050 W fqfDfq fVE,,LAS CRUCES,NM,,,
43535 zE 4dH fVE,,MIAMI,FL,,,
44 VEqbflLLEb BLVD,UNIT E,ALEXANDRIA,LA,,,
7040 WEbd HfLd fVE,,TOMONA,CA,,,
7840 E HlLLbBfqfUGH fVE,,TAMPA,FL,,,
944 ELDEqfLDf fVEzUE,,SANTA ,CA,,,
3335 PfqK PLfpE,,MORROW ,GA,,,
7000 W BEdHfzY HfqE qD,ROOM 467,PHOENIX,AZ,,,
444 W BUqzblDE bd,,PORTLAND,OR,,,
350 zW lqVlzG bd,,PORTLAND,OR,,,
447 b 3Dq bd,,NEWARK,OH,,,
7744 qfUzd VEqzfz fVE,,BAKERSFIELD,CA,,,
73 VEdEqfzb fVE,,BATH,NY,,,
4007 z qflz fVE,,TUCSON,AZ,,,
475 WEbd 47dH bd,,NEW YORK,NY,,,
773 8dH bd z,,LA CROSSE,WI,,,
470 E LfUqEL bd,,WILLOW,CA,,,
7544 KlzGbLEY bd,,HOUSTON ,TX,,,
3770 E 73qD bd,,KANSAS CITY,MO,,,
475 BLUE qlDGE Dq,,MCCAYVILLE,GA,,,
7400 7zD bdqEEd zW,,ALBUQUERQUE,NM,,,
4790 qUlq qD,LEGACY ACUTE CARE,MARTINEZ,CA,,,
4343 zEW YfqK fVE,,AVE WASHINGTON,DC,,,
4740 b 3dH bd,,BLACKWELL,OK,,,
348 YfbEqldE bdqEEd,,MADERA ,CA,,,
4404 zW 77zD bd,,MIAMI,FL,,,
7500 HELLqfz fVE,,ROSEMAD ,CA,,,
7350qUzlplPfL WfY,,TALAHASEE,FL,,,
800 W pfLlFfqzlf fVE,,OKLAHOMA CITY,OK,,,
303 5dH bd,,LOS ANGELES,CA,,,
4307 zfqdHGfdE,,SARASOTA,FL,,,
4000 Hfqqlbfz bd,,RIVERSIDE ,CA,,,
4384 EfGLE qfpK BLVD,,LOS ANGELES,CA,,,
7743 W qfzpHEbdEq fVE,APT 19B,PLAYA DEL REY,CA,,,
40000 BfY PlzEb BLVD,,BAY PINES,FL,,,
4848 pfqblpfzf bd,,DALLAS ,TX,,,
7375 b HfqVfqD fVE,PACT 4,TULSA,OK,,,
8350 qlpHqfzD HWY,STE 407,ALEXANDRIA,VA,,,
4704 HlGH bd,STE 101,PORTSMOUTH,VA,,,
7375 b HfqVfqD fVE,,TULSA,OK,,,
8350 qlpHqfzD HWY,STE 407,ALEXANDRIA,VA,,,
770 b lzDUbdqlfL qD,SUITE A,TUPELO,MS,,,
379 BUpKqfE fVE,,HAMPTON,VA,,,
537 z VlLLf fVE,,OKLAHOMA CITY,OK,,,
444 W BUqzblDE bd,,PORTLAND,OR,,,
350 zW lqVlzG bd,,PORTLAND,OR,,,
947 D bd,,MODESTO,CA,,,
4043 PqlzpEbb fzzE bd,,FREDERICKSBURG,VA,,,
377 b bfLlzf bd,,SYRACUSE,NY,,,
GEfqGlf p.q.E.W,47 TRINITY AVE. SW  2ND FLOOR,ATLANTA,GA,,,
GEfqGlf p.q.E.W.,47 TRINITY AVE. SW   2ND FLOOR,ATLANTA,GA,,,
4444 BLUFF bd,,DUBUQUE,IA,,,
GEz DEL,,NORTH LAS VEGAS,NV,,,
4747 JEFFqlEb bd,,DALLAS,TX,,,
777 qUdHEqFfqD bd,,GREENVILLE,SC,,,
4 HfVEz Ffq HfPE WfY,,SAN ANTONIO,TX,,,
843 E 48dH fVE,,DENVER,CO,,,
4043 W 5dH bd,,DAVENPORT,IA,,,
77 b WfbHlzGdfz bd,,SEATTLE,WA,,,
4777 qEDGfq EVEqb BLVD,,JACKSON,MS,,,
430 PlzE bd,,PROVIDENCE,RI,,,
4033 E WfbHlzGdfz bd,,INDIANAPOLIS,IN,,,
7550 bE WfLdfz qffD,,PORT ST. LUCIE,FL,,,
434 F bd,,MARYSVILLE,CA,,,
4470 qULBEqqY bd,,DES MOINES,IA,,,
744 z qfqdfz fVE,,OKMULGEE,OK,,,
4373 pfzVEzdlfz bd,,BATON ROUGE,LA,,,
733 b HlzDqY fVE,,INGLEWOOD,CA,,,
4773 48dH bdqEEd,,SARASOTA,FL,,,
33 qEqbEz fVE,,NEW BRUNSWICK,NJ,,,
704 WfbHlzGdfz bd,,SOUTHWEST ATLANTA,GA,,,
4703 z FLfqlDf fVE,,TAMPA,FL,,,
445 bfUdH bfz JffQUlz bdqEEd,,STOCKTON,CA,,,
3349 WEBbdEq fVE,,BRONX,NY,,,
4444 zW zfldf PKWY,,PORTLAND,OR,,,
4775 WffDb PL,,ABILENE,TX,,,
490 W 44dH bd,,LONG BEACH,CA,,,
4494 PHELPb fVE,,COALINGA,CA,,,
4545 GqfVE BLVD,,AUSTIN,TX,,,
7800 bPqlzGDfLE qD bW,,ATLANTA,GA,,,
574 z fVE 54,,LOS ANGELES,CA,,,
4848 pfqblpfzf bd,,DALLAS,TX,,,
475 DEzVEq bd ,,RAPID CITY,SD,,,
378 W pfPldfL bd,,JACKSON,MS,,,
7373 b HfqVfqD fVE,,TULSA,OK,,,
3744 dfq 0 bHfzdEq Lz,,HOUSTON,TX,,,
7700 b BqffD bd,,NEW ORLEANS,LA,,,
830 fdLfzdlp fVE ,,LONG BEACH ,CA,,,
7855 E fLYqPlp BLVD,,LOS ANGELES,CA,,,
575 fUdf pEzdEq Dq ,,WATSONVILLE,CA,,,
4430 qEzpHfpf qD,,AUSTIN,TX,,,
4380 bfz FEqzfzDf qD ,,GLENDALE,CA,,,
7930 z HfVEz qD,,DALLAS,TX,,,
533 b bfzPEDqf bd,,LOS ANGELES,CA,,,
344 E pfqfLlzE bd,,TRINITY,TX,,,
7504 fLLEzdfWz qD,,PEKIN,IL,,,
503 fLYqPlp BLVD,,SANTA MONICA,CA,,,
7800 bfUdH qpGqEGfq WfY,,HOUSTON,TX,,,
4530 zfqWfY fVE,,HUNTINGTON,WV,,,
700 E qUHfqqfD fLl BLVD,,LOUISVILLE,KY,,,
4345 PfqK bd,,CLEARWATER,FL,,,
747 pfzlFEq bd,,FORT COLLINS,CO,,,
4530 GqfVlEq bd,,NEW ORLEANS,LA,,,
4440 W BqffDWfY bd,,MISSOULA,MT,,,
704 GLEzWffD bd,,ANNAPOLIS,MD,,,
3045 b VEdEqfzb PKWY,,MOULTRIE,GA,,,
7774 W WfLzUd bd,,PARIS,AR,,,
773 qEDlpfL pEzdEq Dq,,RIVERDALE,GA,,,
4000 b WEbd fVE,,SIOUX FALLS,SD,,,
475 E qfqKEd bd,,AKRON,OH,,,
7500 HfbPldfL Dq,,MARTINSBURG,WV,,,
94 BEEHlVE plq Dq,,ST CLOUD,FL,,,
747 pfzlFEq bd,,FORT COLLINS,CO,,,
407 E WfbHlzGdfz bd,,GREENSBORO,NC,,,
704 b bd,,DAYTONA BEACH,FL,,,
843 fqzELE fVE,,EL CAJON,CA,,,
577 QUlzpY bd,,RAPID CITY,SD,,,
574 W 7dH bd,,ERIE,PA,,,
5308 ZUzl qD bE,,ALBUQUERQUE,NM,,,
4000 b WEbd fVE,,SIOUX FALLS,SD,,,
7045 pfzGqEbb bd,,HOUSTON,TX,,,
9738 WEbdfVEq HlLLb BLVD,,SAN ANTONIO,TX,,,
7853 zfqdH fVE,,GRAND JUNCTION,CO,,,
4444 zW zfldf PKWY,,PORTLAND,OR,,,
404 HfZLE dWP BLVD,,HAZLE TOWNSHIP,PA,,,
4303 zfqdH FLfqlDf fVE,,TAMPA,FL,,,
40950 BEfUqfzd HWY,,HOUSTON,TX,,,
500 E WfLzUd bd,,EVANSVILLE,IN,,,
7350 qlpHqfzD HWY,,STAFFORD,VA,,,
774 z qfqdlz LUdHEq KlzG BLVD,,LEXINGTON,KY,,,
705 VlqGlzlf fVE,,KANSAS CITY,MO,,,
959 bW 407 WEbdEqz fVE,,OKLAHOMA CITY,OK,,,
4949 Gqfzd qffD,,MOUNTAIN VIEW,CA,,,
730 qEbf VEqDqE DqlVE Efbd,,CENTERPOINT,TX,,,
803 ffK bd,,GREEN COVE SPRINGS,FL,,,
40950 BEfUqfzd HWY,,HOUSTON,TX,,,
533 E dHfqPbfz BLVD,,VENTURA,CA,,,
473 z 3dH bd,,FORT SMITH,AR,,,
3300 JfUqzEY Dq,,SAN ANGELO,TX,,,
4888 dqlzldY fVE,,WALNUT CREEK,CA,,,
450 bdlqLlzG qD,,DANIA BEACH,FL,,,
4547 W 4bd fVE,,EUGENE,OR,,,
733 HlzDqY fVE bUldE 309,,INGLEWOOD,CA,,,
4747 JEFFqlEb bd,,DALLAS,TX,,,
3547 z pHUqpH bd,,GREENSBORO,NC,,,
4004 z 3dH bd,,SUPERIOR,WI,,,
9333 dEpH pEzdEq Dq bUldE 400 ,,SACRAMENTO,CA,,,
7475 3qD fVE,,COLUMBUS,GA,,,
3045 VEdEqfzb PfqKWfY b,,MOULTRIE,GA,,,
4303 HlGHWfY 790 E,,BRENHAM,TX,,,
470 bE 3dH bdE 403,,TOPEKA,KS,,,
803 E WfqqlzGdfz fVE,,PITTSBURGH,PA,,,
700 bEpfzD fVE,,PITTSBURGH,PA,,,
78 E qflz bd,,CLIFTON SPRINGS,NY,,,
435 zW 7zD bd,,OCALA,FL,,,
477 W 57zD bd,,NEW YORK,NY,,,
34 qfqfzfdHf pd,,YOUNGSTOWN,OH,,,
3500 qfppfqKLE fVE bW,,ST ALBANS,WV,,,
944 b fqlZfzf fVE,,YUMA,AZ,,,
7400 LfKEblDE fVE E,,CLEVELAND,OH,,,
7035 Fflqqfzd Dq,,SAN LEANDRO,CA,,,
7739 PfYDqfb bd,,NEW ORLEANS,LA,,,
445 W bdfdE bdqEEd,,NORTH BALTIMORE,OH,,,
307 W qflz bd,,IMMOKALEE,FL,,,
4949 Gqfzd qD,,MOUNTAIN VIEW,CA,,,
35 W fWEzb fVEzUE,,NORTH LAS VEGAS,NV,,,
4458 W JfpKbfz BLVD,,CHICAGO,IL,,,
440 pfLfzEL BELL Dq,,BROCKTON,MA,,,
4303 z FLfqlDf fVE,,TAMPA,FL,,,
599 qfLPH fVE,(EASTERN PARKWAY),BROOKLYN,NY,,,
7775 z PEqqlb BLVD,,PERRIS,CA,,,
4873 VEdEqfzb BLVD,,DUBLIN,GA,,,
7404 Pfqqfz PL,,NASHVILLE,TN,,,
40973 bW 5dH bd,,MIAMI,FL,,,
945 z pfLLEGE bd,,CHARLOTTE,NC,,,
4300 qfqdlz LUdHEq KlzG BLVD,,YOUNGSTOWN,OH,,,
73 VEdEqfzb fVE,RM 322,BATH,NY,,,
470 z fLD KlzGb qD,,ORMOND BEACH,FL,,,
770 DfVEzPfqd bdqEEd,,ITALY,TX,,,
43850 QUEEzb BLVD,,JAMAICA,NY,,,
7773 3qD fVEzUE,,NEW YORK,NY,,,
7400 W bdqffP qD,,DAYTON,OH,,,
7055 qEX qD,,MORROW,GA,,,
5443 7zD fVE,,BROOKLYN,NY,,,
4745 FULdfz bdqEEd Efbd,,GRAND RAPIDS,MI,,,
4777 GlqfqD bd,,AKRON,OH,,,
300 fLBfzY fVEzUE,,BROOKLYN,NY,,,
375 E 7dH bdqEEd,,LOS ANGELES,CA,,,
4550 bUPEqlfq fVE,,COSTA MESA,CA,,,
4405 W qlpHlGfz bd,,ORLANDO,FL,,,
8034 bfUdH fVE #4,,YOUNGSTOWN,OH,,,
777 bEfVlEW fVEzUE,BUILDING 3,STATEN ISLAND,NY,,,
480 z JfpKbfz fVE,,SAN JOSE,CA,,,
3300 BUdZ qD,,MAUMEE,OH,,,
4700 qfzUqEzd qD,,PHILADELPHIA,PA,,,
734 z bfz PEDqf qD,,SAN RAFAEL,CA,,,
8550 HUEBzEq qD,,SAN ANTONIO,TX,,,
974 E qfqKEd bd,,AKRON,OH,,,
3745 E JEFFEqbfz fVE,,DETROIT,MI,,,
443 E LfUqlDbEz BLVD,,PORT ANGELES,WA,,,
478 b 4700 E bd,,ST GEORGE,UT,,,
7499 qEfDlzG qD,,CINCINNATI,OH,,,
3744 lqVlzG BLVD,,DALLAS,TX,,,
3740 qlVEqblDE Dq,,LOS FELIZ,CA,,,
370 W bdqUB qD,,SANDUSKY,OH,,,
4335 q bd,,FRESNO,CA,,,
9945 p bd,,OAKLAND,CA,,,
89 ELLlb bd zE,,ATLANTA,GA,,,
3300 WlLbHlqE BLVD,STE 2200,LOS ANGELES,CA,,,
7034 HYDE PfqK qD,,JACKSONVILLE,FL,,,
4470 pHULlf qD bE,,ROME,GA,,,
4335 PfplFlp fVE,,LONG BEACH,CA,,,
778 WEbd 4dH bd,,PUEBLO,CO,,,
7470 BUblzEbb LffP 70 E,,COLUMBIA,MO,,,
7794 BffdzEq Dq,,BELDEN,MS,,,
473 bHEqlDfz fVE,,ALBANY,NY,,,
5440 Efbd fVE,,WEST PALM BEACH,FL,,,
4804 E 55dH bd,,CLEVELAND,OH,,,
4800 lqVlzG PL,,SHREVEPORT,LA,,,
555 bd JfbEPHb BLVD,,ELMIRA,NY,,,
4347 GLEzWffD qD,,BROOKLYN,NY,,,
534 bPqfdd bd,,CHARLOTTE,NC,,,
750 BqUzbWlpK fVE,,TRENTON,NJ,,,
3747 WfLzUd bd,,PHILADELPHIA,PA,,,
74-40 BfqDEz fVE,,LONG ISLAND CITY,NY,,,
4330 E 48dH fVE,,DENVER,CO,,,
500 77zD bd,,SACRAMENTO,CA,,,
7309 zlpfLLEd fVE,,MINNEAPOLIS,MN,,,
45 pfdHEDqfL Lz,,CUYAHOGA FALLS,OH,,,
4704 lzdEqzfdlfzfL Dq,,COLUMBIA,MO,,,
4709 lzDlfzf fVE,,ST MARYS,OH,,,
54 JUzlUb bd,,BROOKLYN,NY,,,
4004 PflzDEXdEq bd,,CHESAPEAKE,VA,,,
57573 qfppfblz dqflL,,PRAGUE,OK,,,
757 W 47dH PL,TULSA,TULSA,OK,,,
4885 E pfqEY fVE,,LAS VEGAS,NV,,,
8794 bfpqfqEzdf Dq,,ALEXANDRIA,VA,,,
9497 WqEzWffD Lz,,SAINT LOUIS,MO,,,
757 W 47dH PL,,TULSA,OK,,,
4003 qlDLfzDb qD,,WILLIAMSBURG,VA,,,
7343 zE 48dH bd,,OKLAHOMA CITY,OK,,,
4055 b HfUbdfz fVE,,TULSA,OK,,,
4504 z pLfbbEz BLVD,,OKLAHOMA CITY,OK,,,
4779 zW 3qD,,OKC,OK,,,
4779 zW 3qD,,OKLAHOMA CITY,OK,,,
930 z HEzqY bd,,ALEXANDRIA,VA,,,
4409 pLfqK bd,,DES MOINES,IA,,,
43304 b WEbdEqz fVE,,OKC,OK,,,
740 z bHEqqfz fVE,,SIOUX FALLS,SD,,,
757 W 47dH PL,DENVER HOUSE,TULSA,OK,,,
3400 qflLqffD fV,,BISMARCK,ND,,,
704 43dH fV bW,,MANDAN,ND,,,
904 zW 75dH bd,,OKLAHOMA CITY,OK,,,
4055 b HfUbdfz fVE,X,TULSA,OK,,,
4370 LfbfLLE fVE,,HAMPTON,VA,,,
8794 bfpqfqEzdf Dq,STE O,ALEXANDRIA,VA,,,
4007 W LEHlGH fVE,,PHILADELPHIA,PA,,,
3474 E fPfpHE bd,,TULSA,OK,,,
4050 BfWLlzG bd bW,,CEDAR RAPIDS,IA,,,
3930 b WEbd fVE,,SIOUX FALLS,SD,,,
800 W pfLlFfqzlf,,OKC,OK,,,
P f BfX 373,,VALLIANT,OK,,,
350 ELK bd,,RAPID CITY,SD,,,
zfqdHfqPdfz pfUzdY Pqlbfz,666 WALNUT AVE,EASTON,PA,,,
zfqdHfqPdfz pfUzdY Pqlbfz,666 WALNUT ST,EASTON,PA,,,
907 zUEpEb BfY BLVD,,CORPUS CHRISTI,TX,,,
4045 E fdpHlbfz bd,,JEFFERSON CITY,MO,,,
3355 E 75dH bd,,LAWRENCE,KS,,,
3355 E 75dH bd,,LAWRENCE,KS,,,
307 HfYEb bd, ,RAYVILLE,LA,,,
 44 VEqbflLLEb BfULEVfqD,UNIT E  ,ALEXANDRIA,LA,,,
950 HfqEbdEfD Dq,,ASHDOWN,AR,,,
700 E qUHfqqfD fLl Bf, ,LEWISVILLE,KY,,,
3700 zE qEDHfWK Dq,,BENTONVILLE,AR,,,
37 b GEzEVf bd,,ELGIN,IL,,,
3889 W lzdEqzfdlfzfL bPEEDWfY BLVD,,DAYTONA BEACH,FL,,,
4430 qEzpHfpf qD,,AUSTIN,TX,,,
4709 E HfddlE, ,FORT WORTH,TX,,,
3404 Ffzzlz bd,,HOUSTON,TX,,,
5434 Wfqq bPqlzGb qD,,COLOMBUS,GA,,,
7300 HEzDEqbfz qlLL qD zE,SUITE 100,ATLANTA,GA,,,
3547 E fUDUBfz qD,,MONTGOMERY,AL,,,
500 fbBUqY fVE,ROOM 119,EVANSTON,IL,,,
4404 GLfUpEbdEq bd,,BRUNSWICK,GA,,,
404 E BqffDWfY bd,,BOLIVAR,MO,,,
747 z Gqfzd fVE,,COLUMBUS,OH,,,
4444 W HEzbLEY BLVD,,BARTLESVILLE,OK,,,
7433 bW 44dH bd,,OKLAHOMA CITY,OK,,,
407 z DEzVEq fVE,STE A,TULSA,OK,,,
543 W 47dH bd,,SIOUX FALLS,SD,,,
407 z DEzVEq fVE,STE CE,TULSA,OK,,,
407 z DEzVEq fVE,SUITE C,TULSA,OK,,,
407 z DEzVEq fVE,,TULSA,OK,,,
799 WlzDfW qfpK qD,,PORCUPINE,SD,,,
4447 bW 74bd bdqEEd,BRIGHTWAY COMMUNITY,OKLAHOMA CITY,OK,,,
443 W 75dH bd,,ERIE,PA,,,
9445 qlzEqfL WELLb qD,,OLIVE BRANCH,MS,,,
700 JEFFEqbfz HWY,,JEFFERSON,LA,,,
730 b 47dH fVE,,PHOENIX,AZ,,,
38 BqffD bd,,QUINCY,MA,,,
3348 W qffbEVELd qD,,LITTLE ROCK,AR,,,
34 qUqPHY LfzE,,PENSACOLA,FL,,,
5400 bdElzE qD,,BAKERSFEILD,CA,,,
7744 b 78dH bd,,RIVERVIEW,FL,,,
474 b fDfqb bd,ROOM 306,FORT WORTH,TX,,,
350 zfqdH WEbd lqVlzG bdqEEd,,PORTLAND,OR,,,
7373 pUqdlb bd,ST FRANCIS CENTER,DENVER,CO,,,
3300 W pfLfzlfL Dq,,ORLANDO,FL,,,
3403 bdfdEbVlLLE fVE,,CHARLOTTE,NC,,,
703 b 47dH fVE,,PHOENIX,AZ,,,
577 W qlddEzHfUbE bd,,HOUSTON,TX,,,
48 zfqdH dEqqY fVE,,ORLANDO,FL,,,
4700 WfdEqb fVE,,SAVANNAH,GA,,,
495 Efbd bfz FEqzfzDf bd,,SAN JOSE,CA,,,
770 E qlbdY fpqEb Lz,,UNION,WA,,,
300 BfKEq bd,,BAKERSVILLE,CA,,,
7443 WEbd 43dH bd,,ODESSA,TX,,,
404 43dH bdqEEd,,SAN DIEGO,CA,,,
575 BqffDWfY,,MENANDS,NY,,,
497 qflz bd,,COOPERSTOWN,NY,,,
355 BqlbdfL Efbd qD,,BRISTOL,VA,,,
zEW qlVEq VfLLEY qEGlfzfL JflL,108 BAKER RD,DUBLIN,VA,,,
3437 VlqGlzlf BEfpH BLVD,,VIRGINIA BEACH,VA,,,
4343 z GlLpqEfbE,,TULSA,OK,,,
BLflq pfUzdY Pqlbfz,419 MARKET SQUARE ALY,HOLLIDAYSBURG,PA,,,
HfqELEbb,,KINGSTON,NY,,,
4404 bW B fVE,,LAWTON,OK,,,
853 HWY 90,STE E,BAY ST LOUIS,MS,,,
809 zfPfLEfz bd,,JOHNSTOWN,PA,,,
7777 b 49dH bd,,CLINTON,IA,,,
3030 JEFFEqbfz fVE,,NEWPORT NEWS,VA,,,
4700 BLfUzd qD,,,FL,,,
480 E pEzdqfL fVE,,,FL,,,
407 E WfbHlzGdfz bd,,,NC,,,
304 b bfz PEDqf bd,,,CA,,,
4000 bUddEq bd,,,CA,,,
4504 lqPEqlfL fVE,,,CA,,,
3055 zE 78dH Dq,,,FL,,,
344 bPqUpE bd,,,WV,,,
394 ELLlb bd,,,CA,,,
405 qEDlpfL pEzdEq PKWY,,,AL,,,
477 DfqfdHY DfY PL,,,MN,,,
434 KUWlLl bd,,,HI,,,
500 z EDWfqDb bd,,,MI,,,
740 E 47dH bd,,,MN,,,
773 qEDlpfL pEzdEq Dq,,RIVERDALE,GA,,,
4344 E DfdE bd,,SAN BERNARDINO,CA,,,
3004 W qfqbHfLL fVE,,LONGVIEW,TX,,,
4470 qULBEqqY bd,,DES MOINES,IA,,,
5553 E 85dH bd z,,FORT GIBSON,OK,,,
747 pfzlFEq bd,,FORT COLLINS,CO,,,
404 45dH bd z,,ST. PETERSBURG,FL,,,
4754 GffDE bd,,RALEIGH,NC,,,
407 LlVE ffK bd,,MARLIN,TX,,,
4334 b BUFFfLf bd,,CANTON,TX,,,
3333 bELqf fVE,,LOS ANGELES,CA,,,
4550 JEbb PfqqlbH pd,,TITUSVILLE,FL,,,
4000 FqEDEqlpKbBUqG qD,,SAN ANTONIO,TX,,,
 774 z LEE bd,,EL PASO,TX,,,
 44435 PUqpHE fVE,,GARDENA,CA,,,
 305 fUGUbdf bd,,SAN ANTONIO,TX,,,
 5308 ZUzl qD bE,,ALBUQUERQUE,NM,,,
 4750 blXdH fVE,#100,SAN DIEGO,CA,,,
7304 dfzDY fVEzUE,,FORT WORTH,TX,,,
5904 LEqfz HlLL fVE,,SACRAMENTO,CA,,,
 4774 zW 4dH bd,,OKLAHOMA CITY,OK,,,
 5308 ZUzl qD bE,,ALBUQUERQUE,NM,,,
4 HfVEz Ffq HfPE WfY,,SAN ANTONIO,TX,,,
 4379 qEPUBLlp bd,,CINCINNATI,OH,,,
 835 zfqdH fVE zW,,ATLANTA,GA,,,
 370 bE zEBqfbKf bdqEEd,,TULLMAN,WA,,,
704 z KELLEY fVE,,OKLAHOMA CITY,OK,,,
7450 BlpKEqb bdqEEd,,DALLAS,TX,,,
4043 b qEpfqD fVE,,LOS ANGELES,CA,,,
 7700 zW 37zD bd,,FORT LAUDERDALE,FL,,,
4443 W qflz bd,,WAXAHACHIE,TX,,,
4543 Efbd PqEblDlf bdqEEd,,FORT WORTH,TX,,,
447 E bPqfdd fVE,,KILLEEN,TX,,,
4350 BULL LEf qD,,LEXINGTON,KY,,,
577 pfqzfdlfz bd,,TUPELO,MS,,,
4309 qEDlpfL DqlVE,,TALLAHASSEE,FL,,,
 4303 z FLfqlDf fVEzUE,,TAMPA,FL,,,
704 GqfVE qD.,,GREENVILLE,SC,,,
4730 GqfzD fVE,,LONG BEACH,CA,,,
 4045 BfKEq bd,UNIT B105,BAKERSFIELD,CA,,,
4700 qUdHEqFfqD Lz,,AUSTIN,TX,,,
73734 zEWHfLL fVE,,NEWHALL,CA,,,
 9789 BqfzbdEddEq PLfpE,,STOCKTON,CA,,,
9744 PfqK qfYfL Dq,,FORT MYERS,FL,,,
434 pfqEfUX qD,,RAYVILLE,LA,,,
7373 pUqdlb bd,,DENVER,CO,,,
 4848 Efbd FLEdpHEq fVE,,TAMPA,FL,,,
 8837 W Plpf BLVD,,LOS ANGELES,CA,,,
 340 z qfDlbfz fVE,,LOS ANGELES,CA,,,
 435 b pEzdEq bd,,ORANGE,NJ,,,
777 4dH bd zfqdH,,FARGO,ND,,,
43800 VEdEqfzb WfY,,ORLANDO,FL,,,
304 b. PlzELLfb fVE,,TARPON SPRINGS,FL,,,
4584 z qflz bd,,LAS VEGAS,NV,,,
4040 pEzdEq bd,,ARLINGTON,TX,,,
4934 pEzdEq bd,,BERKELEY,CA,,,
474 WfLzUd bd ,,MACON,GA,,,
805 DlLWfqdH bd,,ST MARYS,GA,,,
4470 z 40dH bd,,NEBRASKA CITY,NB,,,
4545 zW 7dH fVE,,MIAMI,FL,,,
750 W pEzdqfL fVE,,ASHLAND,KY,,,
4055 b HfUbdfz fVE,,TULSA,OK,,,
8304 zW 77dH fVE,,MIAMI,FL,,,
39 BfYLbdfz bd,,BOSTON,MA,,,
835 dEzDEqFffd HlLL qD,,COLORADO SPRINGS,CO,,,
599 b bHfWzEE bd,,LIMA,OH,,,
478 BEfpH 445dH bd,,QUEENS,NY,,,
40 BlddzEq bd,,ROCHESTER,NY,,,
4744 BqffKHfVEz fVE,,QUEENS,NY,,,
499 qfzpHEbdEq bdqEEd,,MANCHESTER,NH,,,
445 W bdfdE bd,,NORTH BALTIMORE,OH,,,
307 W qflz bd,,IMMOKALEE,FL,,,
4949 Gqfzd qD,,MOUNTAIN VIEW,CA,,,
35 W fWEzb fVEzUE,,NORTH LAS VEGAS,NV,,,
774 zfqdH VEdEqfzb BLVD,,GLENNVILLE,GA,,,
4354 z p bd,,SACRAMENTO,CA,,,
350 HfzpfpK fVE,,HAMILTON,OH,,,
44970 4dH bd,,YUCAIPA,CA,,,
547 Efbd 4dH bd,,LOS ANGELES,CA,,,
4574 z bEDGWlpK bd,,CHICAGO,IL,,,
479 4bd fVE,,ISSAQUAH,WA,,,
7375 pfbpfDE PL W,APT D,UNIVERSITY PLACE,WA,,,
575 E BfzfzZf qD,,LAS VEGAS,NV,,,
3800 5dH,,SAINT CLOUD,FL,,,
3430 Pfbd qD,,DUBLIN,OH,,,
4300 W qfqdlz bd,,SAN ANTONIO,TX,,,
7373 pUqdlb bd,,DENVER,CO,,,
799 47dH bd,,SAN DIEGO,CA,,,
3770 z zEBqfbKf fVE,,TAMPA,FL,,,
7873 FqEbzf bd,,FRESNO,CA,,,
3880 qfbEpqfzb bd,,SAN DIEGO,CA,,,
4400 z fzDqEWb fVE,,FORT LAUDERDALE,FL,,,
4703 WfLzUd fVE,,LONG BEACH,CA,,,
3803 pLfYdfz,,CONCORD,CA,,,
705 VlqGlzlf fVE,,KANSAS CITY,MO,,,
44049 fqfqGfbf qD,,VICTORVILLE,CA,,,
4485 HUzdlzGdfz bd,,FLAGSTAFF,AZ,,,
775 pfqqEqpE fVE bW,,GRAND RAPIDS,MI,,,
487-45 HlLLblDE fVE,,JAMAICA ESTATES,NY,,,
800 zW 78dH bd,,MIAMI,FL,,,
400 BfzzlzG bdqEEd,,SACRAMENTO,CA,,,
5340 pfqzEGlE fVE,,CLEVELAND,OH,,,
5344 fqLlzGdfz fVE,,LOS ANGELES,CA,,,
750 bdfdE bd,,DICKSON,TN,,,
4905 Lfzdfzf qD,,LAKE WORTH,FL,,,
4589 zfqdH WfdEqqfz fVE,,SAN BERNARDINO,CA,,,
775 pfqqEqpE fVEzUE bW,,GRAND RAPIDS,MI,,,
7400 LfKEblDE fVE E,,CLEVELAND,OH,,,
444 qfzDfLL H WHlDDfz Dq,,ASHBURN,GA,,,
4747 JEFFqlEb bd,,DALLAS,TX,,,
945 z pfLLEGE bd,,CHARLOTTE,NC,,,
544 b 8dH bd,,NASHVILLE,TN,,,
3404 Ffzzlz bdqEEd,,HOUSTON,TX,,,
7345 Bfqqfzpf PfqKWfY,,TUSTIN,CA,,,
70 FfdHEq pfPfDfzzf BLVD,,STATEN ISLAND,NY,,,
49350 EUpLlD fVE,,EUCLID,OH,,,
4747 W 49dH bd,,PANAMA CITY,FL,,,
4050 b PfqK fVE,,TUCSON,AZ,,,
749 BfqEd bd,,BROOKLYN,NY,,,
4 43dH fVEzUE zfqdH,,SAINT PETERSBURG,FL,,,
730 PfLK bd,4TH FLOOR,SAN FRANCISCO,CA,,,
4375 bfUdH HlGH bd,,COLUMBUS,OH,,,
9704 W ffKLfzD PfqK BLVD,,SUNRISE,FL,,,
555 WEbd 8dH bd PfVlLlfz,,JACKSONVILLE,FL,,,
7054 qfqEzGf bd,,LOS ANGELESE,CA,,,
4843 bUPEqlfq bd,,SANDUSKY,OH,,,
40 E GLEzWffD fVE,,AKRON,OH,,,
7794 pLfXdfz DflqY qD,,DUBLIN,GA,,,
495 E bfz FEqzfzDf bd,,SAN JOSE,CA,,,
3500 qfppfqKLE fVE bW,,ST ALBANS,WV,,,
4838 z bHEqlDfz qD,,CHICAGO,IL,,,
44 LfpKWffD fVE,,NEW ROCHELLE,NY,,,
4444 pfzbdldUdlfz BLVD,,SALINAS,CA,,,
7709 3qD fVE,,ROCK ISLAND,IL,,,
7359 PEEqY fVE,,KANSAS CITY,MO,,,
4435 qfzdGfqEqY Dq,,SANTA ROSA,CA,,,
5300 qlpKEzBfpKEq qD,,BELL,CA,,,
9075 pfLfqfDf fVE,,RIVERSIDE,CA,,,
4700 bPqlzGFlELD Dq,,CHICO,CA,,,
534 b KEzdUpKY fVE,,JOPLIN,MO,,,
434 E 3700 b,,SOUTH SALT LAKE,UT,,,
4775 HUzdlzGdfz Lz,,ROCKLEDGE,FL,,,
3000 LfKE ELLEzfq Dq,,ORLANDO,FL,,,
307 bW 38dH bd,,LAWTON,OK,,,
4755 zE 435dH bd,,NORTH MIAMI,FL,,,
4384 E qflz bd,,LANCASTER,OH,,,
545 PUdzfq fVE,,ZANESVILLE,OH,,,
45 qfUdE 703,,HAMMONTON,NJ,,,
404 z BfddEqY bd,,LITTLE ROCK,AR,,,
500zW 435dH bd,SUITE 100,MIAMI,FL,,,
304 E Ffqd LfWELL fVE,,TUCSON,AZ,,,
739 W 33qD bd,,OGDEN,UT,,,
74 lVEb bd,,WORCESTER,MA,,,
5075 W bEzEpf dUqzPlKE,,SYRACUSE,NY,,,
440 BqfzDYWlzE BLVD,,FAYETTEVILLE,GA,,,
447 F bd,,FRESNO,CA,,,
7500 DlbpfVEqY Dq,,ORLANDO,FL,,,
4730 qfYf Dq,,TAVARES,FL,,,
4400 EVfzGEL Dq zW,,HUNTSVILLE,AL,,,
737 b 47dH fVE,,PHOENIX,AZ,,,
340 fLlVE bd,,ST JOSEPH,MO,,,
45384 z Ub HWY 304,,CITRA,FL,,,
4304 PUzpHBfWL bd,,HONOLULU,HI,,,
4430 fqEdHf pfbdLE HfLEY BLVD,,NEW ORLEANS,LA,,,
730 BqffDWfY,,BROOKLYN,NY,,,
4778 E BfLdlqfqE bd,,BALTIMORE,MD,,,
5700 zE 7zD fVE,,MIAMI,FL,,,
745 7zD bd zE,,CANTON,OH,,,
734 VfEGHdLY bd,,PITTSBURGH,PA,,,
7700 zEW BEqz fVE,,RALEIGH,NC,,,
3033 qfzdEqEY qD,,SAN JOSE,CA,,,
44 b bfUDEq fVE,,COLUMBUS,OH,,,
4 pHlqzEY Pflzd Dq,,OGDENSBURG,NY,,,
874 FlELDpqEbd qD,,CAMBRIDGE,MD,,,
307 z DlVlblfz bd,,DEQUINCY,LA,,,
307 z DlVlblfz bd,,DEQUINCY,LA,,,
4743 z 43dH bd,,MILWAUKEE,WI,,,
4974 b GEddYbBUqG fVE,,DAYTON,OH,,,
440 qppULLfUGH fVE,,SAN ANTONIO,TX,,,
4005 fbpEfLf bd,,MYRTLE BEACH,SC,,,
344 z bd zW,,WASHINGTON,DC,,,
44547 B fVE,,AUBURN,CA,,,
3495 BflLEY fVE,,BUFFALO,NY,,,
3033 bfqzf qD,ROOM 705B,MELBOURNE,FL,,,
7780 Dq qfqdlz LUdHEq KlzG Jq PKWY,ROOM 705B,CHICO,CA,,,
443 7 qflz bd,,GAINESVILLE,FL,,,
370 bHfDfW Lz,,LAS VEGAS,NV,,,
4445 qfGzfLlf fVE,,RIVERSIDE,CA,,,
4470 b WlLqlzGdfz bd,,RALEIGH,NC,,,
4737 FLfd qfpK qD,,STOCKBRIDGE,GA,,,
998 pqffKED HlLL qffD WEbd,,BRENTWOOD,NY,,,
340 b bd LfUlb bd,,LOS ANGELES,CA,,,
755 ffKLfzD fVE,,PORT JEFFERSON,NY,,,
8 FfqzHfq bd,,ROXBURY,MA,,,
4755 dqfDE bd zW,,WINSTON-SALEM,NC,,,
700 qfzfq qD,,PRESCOTT,AZ,,,
7330 bqldH qD,,AKRON,OH,,,
4447 z 44dH fVE,,GREELEY,CO,,,
504 zEW Lfdb fVE,,BROOKLYN,NY,,,
454 KzfLLpqfFd qD,,LYONS,NJ,,,
340 bdfdELlzE qD W,,SOUTHAVEN,MS,,,
30 bfLEDfD bd,,SALINAS,CA,,,
443 PEzDELdfz PL,,VALDOSTA,GA,,,
800 zW 95dH bd,,MIAMI,FL,,,
4704 zW 43dH bd,VA HOSPITAL,MIAMI,FL,,,
7773 PfplFlp fVE,,LONG BEACH,CA,,,
744 4dH bd z,,WAHPETON,ND,,,
447 bHfKEq HlLL qD,,ALFRED,ME,,,
7090 z pfzGqEbb fVE,,WEST PALM BEACH,FL,,,
7545 UzlVEqbldY fVE,,BRONX,NY,,,
4737 bfz GfBqlEL BLVD,,ROSEMEAD,CA,,,
440 WELLb Ffqq qD,,GOSHEN,NY,,,
795 LEXlzGdfz fVE,,BROOKLYN,NY,,,
7407 fdLfzdlp fVE,,BROOKLYN,NY,,,
877 pEDfq fVE,,NIAGARA FALLS,NY,,,
474 Efbd qlbblfz fVE,,ESCONDIDO,CA,,,
44440 Vfz WYpK EXPY,,JAMAICA,NY,,,
3083 E BEpKLEY bdfdlfz,,BECKLEY,WV,,,
4594 z ffdqfz qD,,BULLHEAD CITY,AZ,,,
3844 zW 50dH bd,,BETHANY,OK,,,
447 lfWf fVE,,DAYTON,OH,,,
444 z DlLLfqD bd,,WINTER GARDEN,FL,,,
4435 z 45dH bd,,COUNCIL BLUFFS,IA,,,
4848 zEW YfqK fVE zE,#219,WASHINGTON ,DC,,,
474 dfqPEY qD,,TEXAS CITY,TX,,,
94 dfqPKlzb fVE,,STATEN ISLAND,NY,,,
73 VEdEqfzb fVE,,BATH,NY,,,
87737 VfLEzplf fVE,,INDIO,CA,,,
470 bE qfqKEd bd,,PORTLAND,OR,,,
377 4dH fVE,,HUNTINGTON,WV,,,
7470 WlzzlE bd,,GALVESTON,TX,,,
7050 E BfY Dq,,LARGO,FL,,,
374 Kfzbfb pldY bd,,RAPID CITY,SD,,,
50 W PEzz bd,,CARLISLE,PA,,,
407 LlzpfLz bd,,WORCESTER,MA,,,
4774 W LfKEdfz fVE,,MUSKEGON,MI,,,
900 7dH bd,,CLARKSTON,WA,,,
747 pfzlFEq bd,,FORT COLLINS,CO,,,
590 WfbHlzGdfz fVE,,MEMPHIS,TN,,,
340 E PLfdlzUq bd,,BUTTE,MT,,,
7075 qflz bd,,COLUMBIA,SC,,,
48304 pEDfq Lz,,NOBLE,OK,,,
7340 zfqdH flqPfqd qD,,FORT MEYERS,FL,,,
4803 GqfVlEq bd,,NEW ORLEANS,LA,,,
404 E WfbHlzGdfz BLVD,,FORT WAYNE,IN,,,
3833 b GqfzD fVE,,LOS ANGELES,CA,,,
454 KzfLLpqfFd qD,,LYONS,NY,,,
7475 qfYpE bd,,WEST PORTSMOUTH,OH,,,
4474 HEqKlqEq bd,,BROOKLYN,NY,,,
4474 b GlLBEqd pd,,IOWA CITY,IA,,,
3309 qfpK fVE,,DETROIT,MI,,,
470 DlVlblfz fVE,,GRAND FORKS,ND,,,
4454 zEWdfz Dq,,TIFTON,GA,,,
4550 b PfLf VEqDE qD,,TUCSON,AZ,,,
4708 qYqdLE fVE,,EL PASO,TX,,,
844 qfqdlz bd,,WILMINGTON,NC,,,
4450 b WEzfdpHEE fVE,,WENATCHEE,WA,,,
77 z pfqEqfz bd,,HARRISBURG,PA,,,
3003 b WEbdEqz fVE,,LOS ANGELES,CA,,,
43977 pEqlbE fVE,,HAWTHORNE,CA,,,
345 Efbd WfbHlzGdfz fVE,,MADISON,WI,,,
7344 JEqfqE fVE,,BRONX,NY,,,
300 z HEzDEqbfz bd,,FORT WORTH,TX,,,
7400 z BqffDWfY,STE 300,SANTA ANA,CA,,,
540 4dH bd b,,FARGO,ND,,,
3550 E PlzpHfd fVE,,PHOENIX,AZ,,,
737 BEpKqfz bd,,DAYTON,OH,,,
304 ELqWffD fVE,,ROCHESTER,NY,,,
5335 PEdEqb pqEEK qD,,ROANOKE,VA,,,
755 WEbd BqfWz qD,,MESA,AZ,,,
373 lzDUbdqlfL PfqK qffD Dq,,LIBERTY,MS,,,
473 bUqqEq,,WORCESTER,MA,,,
4747 PqflqlE bd,,HOUSTON,TX,,,
4004 WEbd HlLLbBfqf BLVD,,DEERFIELD BEACH,FL,,,
3350 fEqfJEd fVE,,EL MONTE,CA,,,
7300 E 34bd fVE,,TAMPA,FL,,,
873 bpqfzdfz qD,,BRUNSWICK,GA,,,
7000 DEKfVEz fVE,UNIT 1,RACINE,WI,,,
303 47dH bd,,OREGON CITY,OR,,,
3400 pfzzfz PL,,BRONX,NY,,,
709 qEqqlqfz qD,,AKRON,OH,,,
343 BEfpH 35dH bd,,QUEENS,NY,,,
439 3dH bd,,SAN FRANCISCO,CA,,,
785 b HfqE BLVD,,ST AUGUSTINE,FL,,,
4703 UzlVEqbldY fVE,,ST PAUL,MN,,,
47750 pfLl bq,,HOUSTON,TX,,,
4070 ffK Lz,,PHILADELPHIA,PA,,,
4434 E pfVlzf BLVD,,COVINA,CA,,,
7400 FfUzdflzBLEfU qD,,OCEAN SPRINGS,MS,,,
777 z bdfdE bd,,CHAMPAIGN,IL,,,
404 zfqdH bd,,ELKTON,MD,,,
3804 Pldd bd,,NEW ORLEANS,LA,,,
300 PqfVlDEzpE qD,,CHARLOTTE,NC,,,
4444 DUFF fVE,,AMES,IA,,,
909 z LffP 788,,DENTON,TX,,,
3844 4dH fVE zE,,SEATTLE,WA,,,
7300 zW 73qD bd,,BETHANY,OK,,,
348 b fDfqb bd,,SPOKANE,WA,,,
7 qfbEWffD fVE,,TYBEE ISLAND,GA,,,
9850 fLD PEqqY HWY,,WEXFORD,PA,,,
709 E LEWlb bd,,POCATELLO,ID,,,
7374 pfzBY fVE,,RESEDA,CA,,,
3747 b qfqYLfzD PKWY,,LAS VEGAS,NV,,,
537 Uzlfz bd,,BANGOR,ME,,,
3380 b 4000 W,,SOUTH SALT LAKE,UT,,,
404 bdfpKYfqD qD,,STATESBORO,GA,,,
4004 WEbd qlzEqfL fVE,,LITTLETON,CO,,,
90 z qlpHlGfz fVE,,COLDWATER,MI,,,
4074 E 3qD fVE,,ANCHORAGE,AK,,,
740 LfzblzG bd,,UTICA,NY,,,
3075 zW 35dH fVE,,LAUDERDALE LAKES,FL,,,
909 bPlVf fVE,,YUBA CITY,CA,,,
445 b bfz JffQUlz bd,,STOCKTON,CA,,,
4907 3qD fVE z,,FARGO,ND,,,
7575 E HfWfqD qD,,GLEN BURNIE,MD,,,
3370 fdfbpfDEqf fVE,,ATASCADERO,CA,,,
457 WEbd fLLEz bd,,ALLENTOWN,PA,,,
450 qlpHqfzD dEqqfpE,,STATEN ISLAND,NY,,,
440 z bdfdE bd,,WESTERVILLE,OH,,,
4445 W 33dH 4/7 bd,,ST LOUIS PARK,MN,,,
4477 FqfzKLlz fVE,,BRONX,NY,,,
4984 z WffDbdfpK bd,,PHILADELPHIA,PA,,,
48438 bE bdEPHEzb bd,,PORTLAND,OR,,,
4430 WEbd pHEbdEq PlKE,,WEST CHESTER,PA,,,
4078 Gf-5,,DOUGLASVILLE,GA,,,
3700 VlzE bd,,CINCINNATI,OH,,,
37930 flqPfqd qD,,WOODSFIELD,OH,,,
500 W 73qD bd,,HOPE,AR,,,
437 qLK Jq BLVD,,BRISTOL,TN,,,
337 E qfqlE Lz,,SALINAS,CA,,,
3000 z 94bd fVE,,PHOENIX,AZ,,,
734 WfqzEq bd,#1028,TOMS RIVER,NJ,,,
375 LfGUzf HfzDf BLVD,,SAN FRANCISCO,CA,,,
904 b 43dH bd,,TACOMA,WA,,,
453 z 47dH bd,,BATON ROUGE,LA,,,
3700 VlzE bd,CIC-1S,CINCINNATI,OH,,,
700 WEbd fqBfq Dq,,SAN DIEGO,CA,,,
7337 BEL PqE qD,,SILVER SPRING,MD,,,
3900 WffDLfzD fVE,,PHILADELPHIA,PA,,,
350 bUqzEq bd,,HONOLULU,HI,,,
350 bUqzEq bd,,HONOLULU,HI,,,
470 E fzdfz fVE,,COEUR D ALENE,ID,,,
30 zfqdH PL,,FREDERICK,MD,,,
40 fzz bd,,NEW YORK,NY,,,
7709 PlzE VlEW Dq,,VALDOSTA,GA,,,
470 z pEzdEq bd,,HICKORY,NC,,,
4570 pHEqqY bd,,KANSAS CITY,MO,,,
849 BlG ffK qD,,ELMER,NJ,,,
734 zfqdH bd,,BRISTOL,VA,,,
4044 E GqfzD qlVEq fVE,,BRIGHTON,MI,,,
4343 HlLdfz pfqPfqfdE Dq,,COLUMBUS,OH,,,
375 HUzdlzGdfz bd,,NEW LONDON,CT,,,
370 pfqqEqpE fVE bW,,GRAND RAPIDS,MI,,,
740 fLBfzY bd,,CAMBRIDGE,MA,,,
7004 flqPfqd qD b,,NAPLES,FL,,,
77 pfqBqlDGE bd,,WORCESTER,MA,,,
40 bqldH bd,,FRANKFORT,IL,,,
304 W 7zD fVE,,ALBANY,GA,,,
8044 bdfdE qD 57,,HUDSON,FL,,,
49 z fzz bd,,ASHEVILLE,NC,,,
4870 W WELLb bd,,MILWAUKEE,WI,,,
5533 b WEbdEqz fVE,,LOS ANGELES,CA,,,
904 E 38dH bd,,KANSAS CITY,MO,,,
4835 YfUzG bd,,DALLAS,TX,,,
3875 JfzlbbE bd,,EUGENE,OR,,,
405 47dH bd,,TOLEDO,OH,,,
37435 pfLEqfz fVE,,DADE CITY,FL,,,
4700 WfbHlzGdfz bd,,HOLLYWOOD,FL,,,
7430 fzDEqbfz qlLL qD,,AUSTELL,GA,,,
575 fLBY bd,,ALTON,IL,,,
934 z fbPEzb bd,,LINCOLNTON,NC,,,
5403 Efbd fVE,,WEST PALM BEACH,FL,,,
3330 BUqzb qD,,PALM BEACH GARDENS,FL,,,
4040 zfqdH BLVD,,BATON ROUGE,LA,,,
4578 GfLLlf PlKE,,FRANKLIN FURNACE,OH,,,
738 z qflz bd,,CONCORD,NH,,,
4800 zfB HlLL qD,,SUNRISE,FL,,,
733 E qfY bd,,WINDER,GA,,,
4 pHlEF JUbdlpE pUbHlzG HWY,,COHASSET,MA,,,
809 87zD PKWY,,MYRTLE BEACH,SC,,,
300 GqEfd plqpLE qD,,NASHVILLE,TN,,,
400 Bfzzfz bd,,SACRAMENTO,CA,,,
90 pUbHlzG fVE,,BOSTON,MA,,,
300 zfqdH bfUdH bd,,OZARK,AR,,,
4070 pfLLE qEfL,,SANTA BARBARA,CA,,,
4070 pfLLE qEfL,,SANTA BARBARA,CA,,,
303 W FlqEWEED Lz,,ANCHORAGE,AK,,,
979 KfbdEq bd,,EUREKA,CA,,,
433 HfbPldfL Dq,,LINVILLE,NC,,,
478 qfqfdHfz WfY,SUITE 400,SOUTHHAVEN,MS,,,
437 LfFfYEddE BLVD,,SOUTH BEND,IN,,,
733 pfqBqlDGE bd,,BRIGHTON,MA,,,
740 PfplFlp pfUqd,,SHELTON,WA,,,
7045 73dH fVE z,,BIRMINGHAM,AL,,,
4807 fLD WlLLlfqbBUqG qD,,SANDSTON,VA,,,
7448 WfbHlzGdfz fVE,,HOUSTON,TX,,,
43409 WffDqUFF fVE,,BELLFLOWER,CA,,,
7070 zEWBUqG qD,,LOUISVILLE,KY,,,
4444 Ub-79,,VALLEY,AL,,,
4909 pHEKEq bQUfqE Efbd,,HAZEL CREST,IL,,,
7803 fUBUqz WfY z,,AUBURN,WA,,,
333 fLBfzY bd,,BOSTON,MA,,,
404 HfZEL dfWzbHlP BLVD,C/O BONNIE,HAZEL TOWNSHIP,PA,,,
400 fzzGfl pfUqd,,LINCOLN,NC,,,
4330 pHqlbdlfzf bd,,GREEN BAY,WI,,,
4407 bHfqE Dq,,INDIANAPOLIS,IN,,,
73 VEdEqfz fVE,,BETH,NY,,,
3075 BfdHEY Lz,,NAPLES,FL,,,
4 FqEEDfq WfY,,AUGUSTA,GA,,,
3747 JEzKb fVE,,PANAMA CITY,FL,,,
4473 bE 77dH bd,,CAPE CORAL,FL,,,
947 HlLLpqEbd bd,32B,GRANDVIEW,WA,,,
35 WfLzUd bd,,CHARLESTON,SC,,,
80 HfWLEY bd,,BINGHAMPTON,NY,,,
7407 z DlXlE HWY,,WEST PALM BEACH,FL,,,
443 b qflz bd,,GAINSVILLE,FL,,,
7808 W pfLfqfDf fVE,,COLORADO SPRINGS,CO,,,
4984 Ub-70,,SWANNANOA,NC,,,
7700 Efbd 3300 bfUdH,APT 51,SALT LAKE CITY,UT,,,
7700 E 3300 b,APT 51,SALT LAKE CITY,UT,,,
4 PqlpE Dq,,ELKTON,MD,,,
44778 bpHUEdZ qD,,ST LOUIS,MO,,,
7747 E JfHzbfz fVE,,JONESBORO,AR,,,
73804 zEWHfLL fVE,,NEWHALL,CA,,,
3578 LlddLE qlVEq dUqzPlKE,,ALEXANDRIA,VA,,,
4900 E BUzDfGE Lz,SUITE 1,BAKERSFIELD,CA,,,
999 W fqfDfq,,LAS CRUCES,NM,,,
440 7zD fVE EXd bfUdH,,SEATTLE,WA,,,
4040 qEFUGEE qD,,PICKERINGTON,OH,,,
504 b LfpUbd bd,,MCCOMB,MS,,,
745 pEzdqfL Dq,,PRESQUE ISLE,ME,,,
300 HfbPldfL Dq,,OROFINO,ID,,,
448 z BUqDlpK bd,,KALAMAZOO,MI,,,
835 zfqdH bd,,BOULDER,CO,,,
40807 pfLLEGE PL,,CERRITOS,CA,,,
300 W 49 dEqqfpE,,KANSAS CITY,MO,,,
3700 Efbd bfUdH bd,,LAKEWOOD,CA,,,
7735 LEEDb bd,,DOWNEY,CA,,,
5300 UzlVEqbldY HlLLb,,DALLAS,TX,,,
704 Pldqfz bd,,PROVIDENCE,RI,,,
4877 YfUzG bd,C/O STEWPOT,DALLAS,TX,,,
7383 Lfb fqlGfb Dq,,RANCHO CORDOVA,CA,,,
437 pHfzDLEq bd,,WORCESTER,MA,,,
4544 pLEqEzdb BqlDGE qD,,DEPTFORD,NJ,,,
75 LlzDfLL bd,,DANVERS,MA,,,
39 dYzfz plq,,MIDDLETOWN,CT,,,
4 b BUpKzEq BLVD,,DALLAS,TX,,,
4030 Flqbd pfLfzlfL qD,,VIRGINIA BEACH,VA,,,
3704 DflqY qD,,ZEPHYRHILLS,FL,,,
7433 qfzpHf Lfb GUlLlpfb,,SANTA ROSA,CA,,,
4574 VEqbflLLEb qD,,LEXINGTON,KY,,,
790 PfqK fVE,,HUNTINGTON,NY,,,
443 DEfz bd,,TAUNTON,MS,,,
4430 b WlLqlzGdfz bd,,RALEIGH,NC,,,
337 W pfUqd bd,,WRIGHTSVILLE,GA,,,
7700 zfqdH PfLfFfX bd,,PENSICOLA,FL,,,
4030 HfWfqD bd,,SAN FRANCISCO,CA,,,
4303 W 33qD fVE,,ANCHORAGE,AK,,,
450f b pLflBfqzE fVE,,NEW ORLEANS,LA,,,
348 GEzzEdd Dq,,JASPER,GA,,,
4 PLfZf Dq,,TOMS RIVER,NJ,,,
400/430 E 30dH bd,,NEW YORK,NY,,,
4354 W PqEblDEzd GEfqGE BUbH HWY,,RICHARDSON,TX,,,
345 pfqqEqplfL bd zE,,SALEM,OR,,,
800 W 5dH fVE,,SPOKANE,WA,,,
343 fXFfqD bd,,DALTON,GA,,,
545 W ELqlqf bd,,SAN ANTONIO,TX,,,
4400 W dHlqD bd,,DAYTON,OH,,,
4773 flqPfqd HWY,,LOUISVILLE,TN,,,
493 qEpHfzlp bd,,LEOMINSTER,MA,,,
433 7dH bd,,EUREKA,CA,,,
4700 E 38dH bd,,MARION,IN,,,
453 PlzE KzfLL Dq,,CARROLLTON,GA,,,
9504 bdfdE qD,,PHILADELPHIA,PA,,,
7 qEHfBlLldfdlfz WfY,,WOBURN,MA,,,
77 bdfDlUq qD,ROOM 217,MANCATO,MI,,,
377 WEbdWffD Dq b,,FESTUS,MI,,,
4775 PfplFlp fVE,,LONG BEACH,CA,,,
700 dX-43,,BANDERA,TX,,,
445 z 3dH bd,,READING,PA,,,
40 pLfqEqfzd fVE,1609,MT VERNON,NY,,,
7555 Vfz zUYb BLVD,,VAN NUYS,CA,,,
4785 b HfYEb bd,,ARLINGTON,VA,,,
35440 DEL qEY,,DANA POINT,CA,,,
7000 HfLlDfY LfzE,,FULTON,KY,,,
830 z 49dH bd,,MILWAUKEE,WI,,,
4774 JEqbEY bd,,CONWAY,AR,,,
30 b 58dH bd,,MESA,AZ,,,
4704 z 7dH bd,,KANSAS CITY,KS,,,
404 E bfqPLE qD,,DEERFIELD BEACH,FL,,,
44845 fLfqEDf fVE,CHILDRENS TOWER 2ND FLOOR,EL PASO,TX,,,
703 bdfKEb bd,,HUNTSVILLE,AL,,,
4400 WEbd dHlqD bd,,DAYTON,OH,,,
9305 E 34bd bd,,TULSA,OK,,,
3004 bd qfbE PKWY,,HENDERSON,NV,,,
3889 E GfLBqfldH qD,,CINCINNATI,OH,,,
9839 bW 457zD bd,#28W,MIAMI,FL,,,
78705 bfUdHWEbd 474dH pd,,HOMESTEAD,FL,,,
48440 PfqdHEzlf bd,,NORTHRIDGE,CA,,,
4494 DlVlblfz fVE b,,GRAND RAPIDS,MI,,,
7774 W 400 z,,MICHIGAN CITY,IN,,,
4577 z qlLldfqY dqL,,WEST PALM BEACH,FL,,,
4740 LfKELfzD HlGHLfzDb qD,,LAKELAND,FL,,,
338 pHEbdzUd bd,,PASSAIC,NJ,,,
7075 bWEEzEY qD,,LOMPOC,CA,,,
570 bE 8dH bd,,PARIS,TX,,,
4400 4dH bd b,,ST PETERSBURG,FL,,,
70-05 35dH fVE,,JACKSON HEIGHTS,NY,,,
4005 qfqdlz LUdHEq KlzG Dq,,HUNTSVILLE,TX,,,
7334 flqLlzE HWY,,BATON ROUGE,LA,,,
4835 b HfPE bd,,LOS ANGELES,CA,,,
470 qfqdfz bd,,JAMAICA PLAIN,MA,,,
343 PEdEqb bd bW,,ATLANTA,GA,,,
7740 fDfqb PLfpE zE,,WASHINGTON,DC,,,
40950 fLD BEfUqfzd HWY,,HOUSTON,TX,,,
907 W 4bd bd,,CHARLOTTE,NC,,,
8354 BqffDWfY,,LEMON GROVE,CA,,,
4300 WEbd qfqdlz bd,,SAN ANTONIO,TX,,,
40 qlLL bd,,SPRINGFIELD,MA,,,
4970 JEqfqE fVE,,BRONX,NY,,,
949 WfbHlzGdfz PfqK,,WAUKEGAN,IL,,,
3550 Ffzzlz bd,,BEAUMONT,TX,,,
4437 b Dfqf bd,,UKIAH,CA,,,
740 b PqlzpE bd,,LANCASTER,PA,,,
4574 W 54dH bd,,ERIE,PA,,,
3773 z FEDEqfL HWY,,POMPANO BEACH,FL,,,
774 W BLflzE bd,,RIVERSIDE,CA,,,
304 b bfz PEDqf bd,,LOS ANGELES,CA,,,
4447 zfqdH 47dH bd,,OMAHA,NE,,,
730 b 47dH fVE,,PHOENIX,AZ,,,
43000 VlpdfqY BLVD,,VALLEY GLEN,CA,,,
7370 W WELDfz fVE,,FRESNO,CA,,,
7079 bfGE pqEbd fVE,,LAS CRUCES,NM,,,
304 bPqlzG GfqDEz qD,,WINSLOW,NJ,,,
744 8dH bd b,,MOORHEAD,MN,,,
337 WYfzDfddE bd,,BETHLEHEM,PA,,,
705 DqEXEL bd,,NASHVILLE,TN,,,
808 pfLLEY qD,,STARKE,FL,,,
4003 KEzdLfzD fVE,,TAKOMA PARK,MD,,,
4734 z BELdLlzE qD,,IRVING,TX,,,
3800 W qfPLE qD,,WEST BLOOMFIELD TOWNSHIP,MI,,,
373 E 34dH bd,,NEW YORK,NY,,,
4794 fLUq pqEEK Dq,,COLUMBUS,OH,,,
350 FfbdEq Dq,,CONROE,TX,,,
48 pEDfq bd,,KINGSTON,NY,,,
3380 DfLbfz pd zW,,CARROLL,OH,,,
4504 bdlzbfz qD,,CHEYENNE,WY,,,
7000 qfUqlpE qD,,ODESSA,TX,,,
3750 bqldH qD,,DENVER,CO,,,
4400 HfGfzbVlLLE qD,,LAGRANGE,GA,,,
347 ELLlfd KzfX BLVD,,NEW BRAUNFELS,TX,,,
404 plqBY HlLLb Dq,,ROSEVILLE,CA,,,
4040 DfLLfb bd,,WACO,TX,,,
4470 pfzfL bd,,OTTAWA,IL,,,
4304 bE 3qD fVE,,GAINESVILLE,FL,,,
504 bfUdHGfdE fVE,,IOWA CITY,IA,,,
7407 WEbd dlfGf bd,,PHILADELPHIA,PA,,,
3749 bfUdH ffK PfqK fVE,,BERWYN,IL,,,
7404 pHfqLEb PfGE BLVD,,TULSA,OK,,,
77 E 43qD bd,,PATERSON,NJ,,,
700 dlLLfqY bd,,BROOKLYN,NY,,,
7000 zW 37zD bd,,BETHANY,OK,,,
450 qfqELfzD qD,,COMMACK,NY,,,
7804 GEbbzEq qD,,HOUSTON,TX,,,
5554 HfqqY HlzEb BLVD,,DALLAS,TX,,,
5077 PEpfz GqfVE,,SAN ANTONIO,TX,,,
7070 pEzdUqY PfqK E,,LOS ANGELES,CA,,,
570 40dH bd,STE 250,CORALVILLE,IA,,,
534 HlLLbBfqf bd,,FAYETTEVILLE,NC,,,
5 W Lfb VEGfb bd,,COLORADO SPRINGS,CO,,,
44304 z 99dH fVE,,PEORIA,IL,,,
30 7dH bd,,PLEASANT GROVE,AL,,,
474 fqzfLD bd,,SAVANNAH,GA,,,
333 zfqdH qfDlbfz bd,,JOLIET,IL,,,
345 E WfbHlzGdfz fVE,,MADISON,WI,,,
4743 E 4300 b,,SALT LAKE CITY,UT,,,
7304 VEdEqfzb Dq,,HARLINGEN,TX,,,
4004 z PEzzbYLVfzlf fVE,,OKLAHOMA CITY,OK,,,
47770 pfqPfqfdE WffDb Dq,,SAN ANTONIO,TX,,,
3004 b pfzGqEbb fVE,,BOYNTON BEACH,FL,,,
347 W HUqfz bd,,ANN ARBOR,MI,,,
70 HEqqELL qD,,VILLA RICA,GA,,,
773 z BqffD bd,,FREMONT,NE,,,
308 E 475dH bd,,BRONX,NY,,,
7859 LfKE WfqdH qD,,LAKE WORTH BEACH,FL,,,
8578 bW 74dH bd,,OKLAHOMA CITY,OK,,,
4343 zEW YfqK fVE zW,,WASHINGTON,DC,,,
3400 pLlFdfz bPqlzGb qD,,DECATUR,GA,,,
3740 dX-77,,CORSICANA,TX,,,
7 DEEqPfqK Dq,,MONMOUTH JUNCTION,NJ,,,
3445 bHEqlDfz qD,,KENOSHA,WI,,,
550 W WfbHlzGdfz fVE,,ESCONDIDO,CA,,,
4445 W BqfWfqD BLVD,,FORT LAUDERDALE,FL,,,
844 fLD ELKHfqz qD,,BRANDENBURG,KY,,,
803 b qflz bd,,WOODSTOCK,VA,,,
40098 z 473qD E fVE,,OWASSO,OK,,,
7074 dUqzEq bd,,PONCA CITY,OK,,,
4043 BqfWz bd,,DAYTON,OH,,,
470 PfqdLfzD bd zE,,ATLANTA,GA,,,
43773 bdUDEBfKEq qD,,NORWALK,CA,,,
5904 fUqfY qD zW,,ALBUQUERQUE,NM,,,
3773 UzlVEqbldY PfqK Dq,,RADFORD,VA,,,
7470 z BqffDWfY bd,,MOORE,OK,,,
7343 z 30dH bd,,ENID,OK,,,
3000 UzldED FfUzDEqb BLVD,,OKLAHOMA CITY,OK,,,
303 E 7dH,,BEGGS,OK,,,
373 pfLLfHfz,,MUSKOGEE,OK,,,
49 HEqldfGE,,ARDMORE,OK,,,
3947 zfqdHWEbd 73qD bd,,BETHANY,OK,,,
73 WEbd qfpHEL bd,,BIXBY,OK,,,
847 bW 59dH bd,,OKLAHOMA CITY,OK,,,
945 z 7dH fVE,,PURCELL,OK,,,
470 PfqdLfzD bd zE,,ATLANTA,GA,,,
904 W 44dH fVE,,STILLWATER,OK,,,
304 b LEWlb fVE,,TULSA,OK,,,
304 LfKE qUqqfY Dq E,,ARDMORE,OK,,,
305 E bdfdE qD,,FAIRVIEW,OK,,,
493 qlDDLEbEX bd,,LOWELL,MA,,,
344 qElLY bd,,HARRISBURG,PA,,,
7500 pfzdlzEzdfL Dq,,BUTTE,MT,,,
4855 pHEYEzzE Dq,,CARROLLTON,TX,,,
44837 EUpLlD,,GARDEN GROVE,CA,,,
3343 WffDLfzD fVE,,BALTIMORE,MD,,,
404 WfLzUd Lz,,COLUMBIA,TN,,,
3 pEzdqfL PLfZf,PMB 391,ROME,GA,,,
4005 W LELfzD fVE,,CHICAGO,IL,,,
73 E fDfqb,2ND FLOOR,DETROIT,MI,,,
4040 VEzdUqf fVE,,CHOWCHILLA,CA,,,
44440 WEbd Plpf BLVD,,LOS ANGELES,CA,,,
5803 HfqqlbBUqG BLVD,,HOUSTON,TX,,,
4774 E dqEzd fVE,,SPOKANE,WA,,,
480 W BfzfzZf qD,,LAS VEGAS,NV,,,
734 b 9dH bd,,PITTSBURGH,PA,,,
5344 DfbHWffD Dq,,HOUSTON,TX,,,
434 E qEBfUzD qD,,LANCASTER,SC,,,
7345 WfbHlzGdfz bd,,WAUKEGAN,IL,,,
447 WEbd HlGH bd,,MOUNT VERNON,OH,,,
4874 W 45dH bd,,PANAMA CITY,FL,,,
4343 B QUfppf qD,,POOLER,GA,,,
480p DEBUYb qD,,BILOXI,MS,,,
303 qfpK fVE,,GREEN BROOK,NJ,,,
447 Efbd HfqPdfz bd,,STOCKTON,CA,,,
4907 DfUGLfbb qD,,NACOGDOCHES,TX,,,
44445 fLlVE VlEW Dq,,SYLMAR,CA,,,
40700 Ub-4,,WADLEY,GA,,,
340 LlzE Dq,,RENO,NV,,,
743 ffKLfzD fVE,,METHUEN,MA,,,
870 GLEzqfqE fVE,,BROOKLYN,NY,,,
7444 BULL bd,,SAVANNAH,GA,,,
450 DfqK HfLLfW qD,,PORT JEFFERSON,NY,,,
4003 HlGHLfzD fVE,,SHREVEPORT,LA,,,
3493 qEDfz qD,,LITHONIA,GA,,,
300 BqffDWfY,,NEWARK,NJ,,,
450 W qdE 33,,GLENDORA,CA,,,
850 bfzfqf fVE,,SANTA ROSA,CA,,,
5545 GLEz LfKEb Dq,,DALLAS,TX,,,
5530 VlqGlzlf BEfpH BLVD,,VIRGINIA BEACH,VA,,,
4393 E Dfz dYbfz PKWY,,SPRINGDALE,AR,,,
4404 qfqKEd bd,RM 312,HARRISBURG,PA,,,
4905 dELEPHfzE qD,,PASCAGOULA,MS,,,
735 plVlp pEzdEq BLVD,,HOUMA,LA,,,
873 z VlLLf fVE,,OKLAHOMA CITY,OK,,,
50 z qEDlpfL Dq,ROOM 4910,SALT LAKE CITY,UT,,,
537 79 qD,,GRAND JUNCTION,CO,,,
4374 43dH bd z,,ST CLOUD,MN,,,
444 pfLpHEbdEq fVE,,BURLINGTON,VT,,,
4357 bUzbEd fVE,,UTICA,NY,,,
4700 W 45dH bd,,MONAHAMS,TX,,,
400 LfUqEL Dq,,ELKTON,MD,,,
4430 zW 45dH bd,,BOCA RATON,FL,,,
400 EfGLEVlLLE qD,,EAGLEVILLE,PA,,,
75 QUEEz bd,,WORCESTER,MA,,,
579 9dH fVE,,MIDVALE,UT,,,
4400 VFW PKWY,,WEST ROXBURY,MA,,,
444 z 49dH bd,,PHILADELPHIA,PA,,,
4044 qflz bd,,COLUMBUS,MS,,,
358 z PEdEqb fVE,,FOND DU LAC,WI,,,
449 ffKVlEW bd,,WAVERLY HALL,GA,,,
4374 p bd,,SACRAMENTO,CA,,,
940 BELqfzd bd,,BROCKTON,MA,,,
7544 WEbd qfzdqfbE fVE,,CHICAGO,IL,,,
7804 DEKfLB qEDlpfL PKWY,,LITHONIA,GA,,,
308 WEbd pfbdLE bd,,MURFREESBORO,TN,,,
4007 WfqqEz KqfUd qD,,MCCOMB,MS,,,
4800 4dH fVE z,,BESSEMER,AL,,,
547 JfbEPH fVE,,ROCHESTER,NY,,,
38535 3dH bd E,,PALMDALE,CA,,,
4850 z WfdEqqfz fVE,,SAN BERNARDINO,CA,,,
304 E 7dH bd,,AUSTIN,TX,,,
809 z fLlVEq HlLL WfY,,RICHMOND,VA,,,
8375 Lfqfq bd,,SPRING VALLEY,CA,,,
373 LlzDLEY LfzE,,NEWPORT,AR,,,
7404 qEfDlzG qD,,CINCINNATI,OH,,,
7450 z HfqVfqD fVE,,TULSA,OK,,,
3473 bHfddUpK fVE,,BERKELEY,CA,,,
4705 b 78dH bd,,HARRISBURG,PA,,,
4075 b fzfHElq BLVD,,ANAHEIM,CA,,,
548 W FLEdpHEq fVE,,TAMPA,FL,,,
7300 FfqEbd fVE,,RICHMOND,VA,,,
7348 z bHEqlDfz qD,,CHICAGO,IL,,,
44303 WlLbHlqE BLVD #443,,LOS ANGELES,CA,,,
7850 Vlbdf HlLL fVE,,SAN DIEGO,CA,,,
84 LfUDEz fVE,,AMITYVILLE,NY,,,
7470 LfFfYEddE fVE,,FORT WASHINGTON,PA,,,
3740 4dH bd,,LUBBOCK,TX,,,
748 fLD qfpKbVlLLE qD,,STATESVILLE,NC,,,
9747 b LfWE fVE,,CHICAGO,IL,,,
7878 z 73qD bd E,,OMAHA,NE,,,
4300 bW fqpHEq qD,,GAINESVILLE,FL,,,
943 zfqdH DlXlE fVE,,ELIZABETHTOWN,KY,,,
75 bdfzlFfqD bd,,BOSTON,MA,,,
3450 E GqfzD qD,,TUCSON,AZ,,,
4439 E qflz bd,,PAWTUCKET,RI,,,
8444 EzGLEqfz,,CENTER LINE,MI,,,
747 BfdEb bd,,LEWISTON,ME,,,
377 b fzZf bd,,EL CAJON,CA,,,
7305 plqpLE Dq,,JAMESTOWN,ND,,,
7745 W Hfqqlbfz bd,,CHICAGO,IL,,,
300 z 7dH bd,,BISMARCK,ND,,,
8304 bHELBY bd,,INDIANAPOLIS,IN,,,
749 fVE G,,KENTWOOD,LA,,,
755 pEzdqfL fVE,,CHELSEA,MA,,,
4383 W 7dH bd,,SAN PEDRO,CA,,,
475 b dfpfqf WfY,,TACOMA,WA,,,
400 qpVlpKEq bd,,MARION,LA,,,
470 fLBEqdbfz PKWY,,BROUSSARD,LA,,,
55 W 440dH bd,,NEW YORK,NY,,,
44470 E 3qD fVE,,SPOKANE VALLEY,WA,,,
4870 W pfUbEWfY fPPqffpH,,MANDEVILLE,LA,,,
3705 BqffDWfY,,EVERETT,WA,,,
4449 qflLqffD fVE,,ROCKFORD,IL,,,
444 Hfqqlbfz fVE,,BOSTON,MA,,,
304 b BfKEq bd,,ALMA,GA,,,
7049 77zD bd,,GULFPORT,MS,,,
555 bdfpKdfz bd,,JACKSONVILLE,FL,,,
549 DfzfVfz BqlLEY BLVD,,NORTH LITTLE ROCK,AR,,,
470-07 93qD fVE,,JAMAICA,NY,,,
47347 BEfpH BLVD,,HUNTINGTON BEACH,CA,,,
448 f bd bE,,MIAMI,OK,,,
4004 PfWLfK PKWY,,NEW LENOX,IL,,,
979 bd Fqfzplb,,WICHITA,KS,,,
454 BlbHfP FEDEqfL LfzE,,SALT LAKE CITY,UT,,,
475 7zD bd zW,,WASHINGTON,DC,,,
480 DEBUYb qD,BLDG C,BILOXI,MS,,,
407 E Flqbd fVE,,LEXINGTON,KY,,,
Pf BfX 730075,,TIGARD,OR,,,
380 Llfzb HEfLdH pfqP,,INDIANA,PA,,,
400 E 30dH bd,,NEW YORK,NY,,,
39-70 GqfzD pEzdqfL PKWY,5TH FLOOR,QUEENS,NY,,,
3404 qflz bd,,MOSS POINT,MS,,,
4304 E DEYfUzG bd,,MARION,IL,,,
3548 BflzBqlDGE fVE,,BRONX,NY,,,
4740 E pHEqfKEE fVE,,MCALESTER,OK,,,
7304 E EVEbHfq qD,,VOORHEES TOWNSHIP,NJ,,,
4043 WEbd bd,,UTICA,NY,,,
444 bUzbEd plq,,MOULTRIE,GA,,,
777 HEqLfpK bd,,MACON,GA,,,
735 W flqfqd BLVD,,PENSACOLA,FL,,,
3955 bE 487zD fVE,,GRESHAM,OR,,,
4430 GqfzD fVE,,NEW PORT RICHEY,FL,,,
375 W DlVlblfz bd,,ARLINGTON,TX,,,
300 qEDlpfL Dq,,HAMPTON,VA,,,
8455 bdfdE bd,,SOUTH GATE,CA,,,
4340 45dH bd,,SANTA MONICA,CA,,,
477 KEqz fVE,,TULARE,CA,,,
9904 qEDlpfL pEzdEq Dq,,ROCKVILLE,MD,,,
47970 KfdHEqlzE HfzLEY pd,,FAIRFAX,VA,,,
47000 zE 74bd fVE,,NORTH MIAMI BEACH,FL,,,
340 LYzz bHfqE Dq,,VIRGINIA BEACH,VA,,,
304 dUqzEq qppfLL BLVD,,ROME,GA,,,
40440 pfLfqf qD,,RANCHO CORDOVA,CA,,,
445 fLlVE bd,,AKRON,OH,,,
700 zfqdHWfdEq bd,,PEEKSKILL,NY,,,
384 ELq bd,,ST MARY,MO,,,
74 p L dUpKEq Dq,,CHAUNCEY,GA,,,
4343 W qfGEE qD,,TUCSON,AZ,,,
4500 GfLDEz VfLLEY qD,,MINNEAPOLIS,MN,,,
4455 b bfLVfdlfz PL,,ANAHEIM,CA,,,
703 z FlbHEq bd,,BURLINGTON,NC,,,
4044 Wlbpfzblz fVE zW,,WASHINGTON,DC,,,
4940 E bPqfGUE fVE,,SPOKANE,WA,,,
3453 WEbd FqfzKLlz BLVD,,CHICAGO,IL,,,
7300 qEDfzDf fVE,,LONG BEACH,CA,,,
4447 zfqdH 47dH bdqEEd,,OMAHA,NE,,,
99 bdfpKHfLq bd,,BROOKLYN,NY,,,
4434 bE qfqdlz LUdHEq KlzG Jq BLVD,,PORTLAND,OR,,,
3530 GqlFFlz qD,,DAVIE,FL,,,
444 D bd,,DAVIS,CA,,,
908 z HfWfqD fVE,STE 105,GRAND ISLAND,NE,,,
333 bW PfqK fVE,,PORTLAND,OR,,,
400 HfqdLE pfUqd,,NAPA,CA,,,
4704 b 43dH bd,,TERRE HAUTE,IN,,,
43890 GqEEz dqEE BLVD,,VICTORVILLE,CA,,,
4704 b dfqqEY PlzEb Dq,,LAS VEGAS,NV,,,
4445 GLEzWffD qD,,DECATUR,GA,,,
7309 zfqdH bfzdf FE fVE,,COMPTON,CA,,,
3533 pHfzDLEq qD,,MUSKOGEE,OK,,,
4984 zfqdH WffDbdfpK bd,,PHILADELPHIA,PA,,,
547 W GqfpE bd,,RICHMOND,VA,,,
47997 zEddLEb Dq,,NEWPORT NEWS,VA,,,
300 W VEdEqfzb BLVD,,BIG SPRING,TX,,,
4735 dfDDVlLLE qD,,CHARLOTTE,NC,,,
840 FflqGqfVE pHUqpH qD bE,,HICKORY,NC,,,
3535 fbHdfz WffDb Dq zE,,ATLANTA,GA,,,
534 FflqdHfqzE fVE,,PHILADELPHIA,PA,,,
4804 BUFfqD bd,,CORPUS CHRISTI,TX,,,
404 fqqfYf bEpf PKWY,,HIGHLAND PARK,CA,,,
904 z pfqLlbLE bd,,PHILADELPHIA,PA,,,
575 b fqEqlpfzf BLVD,,BOISE,ID,,,
730 z Wfpf fVE,,WICHITA,KS,,,
49094 z DfLE qfBqY HWY,,LUTZ,FL,,,
9370 LlzWffD fVE,,SHREVEPORT,LA,,,
333 z BffzVlLLE fVE,,SPRINGFIELD,MO,,,
4740 z dqYfz bd,,CHARLOTTE,NC,,,
4407 8dH fVE,,BROOKLYN,NY,,,
450 PqfbPEpdfq fVE,,DURANGO,CO,,,
57-34 Vfz Dfq bd,,LONG ISLAND CITY,NY,,,
443 zJ-73,,VORHEES,NJ,,,
74 b fDfqb bd,,ST PETERSBURG,VA,,,
4300 z pHEbdzUd fVE,,MARSHFIELD,WI,,,
454 9dH fVE,,LITTLE EGG HARBOR,NJ,,,
3775 zW 99dH WfY,,CORAL SPRINGS,FL,,,
744 fLLEz fVE,,ST LOUIS,MO,,,
473 b 7dH fVE fVE,,WEST READING,PA,,,
579 qEEdlzG bd,,CHARLESTON,SC,,,
3474 E Vfz BUqEz bd,#203-3,PHOENIX,AZ,,,
4797 BELLb FEqqY qD,,MARIETTA,GA,,,
407 HfbPldfL Dq,,CHATSWORTH,GA,,,
4755 z ffKLfzD BLVD,,WATERFORD,MI,,,
5745 BEzbfLEq BLVD,,BENSALEM,PA,,,
780 3qD fVE PL bE,,HICKORY,NC,,,
448 VlzE bd,,EVANSVILLE,IN,,,
7035 GqfzBUqY bd,,CLEBURNE,TX,,,
500 bW qfqbEY fVE,RM 301,GRANTS PASS,OR,,,
3550 zfqqfzD Dq,,COLLEGE STATION,TX,,,
3400 LEBfzfz qD,,MURFRESSBORO,TN,,,
4303 z FLfqlDf fVE,,TAMPA,FL,,,
4775 b LlBEqdY bd,,MUNCIE,IN,,,
4439 qflz bd,,PAWTUCKET,RI,,,
704 PfqK fVE,,MINNEAPOLIS,MN,,,
8444 FLfqlz qD,,SACRAMENTO,CA,,,
9700 W 37zD bd,,SHAWNEE,KS,,,
4704 WfLzUd fVE,,LONG BEACH,CA,,,
4045 b bdfdE bd,,UKIAH,CA,,,
4000 zW GqfzD BLVD,,OKLAHOMA CITY,OK,,,
4000 b bfzdf FE,,MOORE,OK,,,
7800 z HlpKfqY bd,,CLAREMORE,OK,,,
407 E LlzE fVE,,SAPULPA,OK,,,
3707 E 34bd bd,,TULSA,OK,,,
340 WEbd dfFd,,SAPULPA,OK,,,
407 E LlzE,,SAPULPA,OK,,,
4073 W BfYD,,NORMAN,OK,,,
4075 z fDfqb qD,,SAND SPRINGS,OK,,,
404 E plqfqqfz fVE,,MANNFORD,OK,,,
403 W 43dH bd,,GROVE,OK,,,
4400 b qflz bd,,GROVE,OK,,,
43708 FqfzKdfz bd,,ROSEDALE,NY,,,
404 bE 4dH,,TUTTLE,OK,,,
4043 BqfWz bd,,DAYTON,OH,,,
405 WfbHlzGdfz,,PAULS VALLEY,OK,,,
934 z pfUzdqY pLUB q,,ADA,OK,,,
403 KEqbHfW Dq,,MUSKOGEE,OK,,,
40857 E 33qD bd,,TULSA,OK,,,
40947 E 44dH bd,,TULSA,OK,,,
7475 b qEqfqlfL Dq,,TULSA,OK,,,
,,,,,,
4400 GEfqGlf bd,,JONES,OK,,,
P f BfX 938,,HOLDENVILLE,OK,,,
4400 ffKqlDGE Dq,,DURANT,OK,,,
304 W 4bd,,CHANDLER,OK,,,
4400 W GEfqGlf,,JONES,OK,,,
4400 W GEfqGlf bd,,JONES,OK,,,
4403 W pHEqfKEE,,LINDSAY,OK,,,
7343 W qfDELLE fVE,,CLINTON,OK,,,
3704 E 33dH bd,,TULSA,OK,,,
4403 W pHEqfKEE bd,,LINDSAY,OK,,,
4404 BEzzEdd BLVD,,CHANDLER,OK,,,
4404 z qfDlbfz fVE,,BLANCHARD,OK,,,
4405 E qflz,,TISHOMINGO,OK,,,
444 E WfbHlzGdfz,,BRISTOW,OK,,,
444 E WfbHlzGdfz fVE,,BRISTOW,OK,,,
4845 E bKELLY DqlVE,,TULSA,OK,,,
444 E WfbHlzGdfz bd,,BRISTOW,OK,,,
4448 W 3dH bd,,OKMULGEE,OK,,,
447 z WffDY GUdHqlE,,OKEMAH,OK,,,
4434 W qflz bd,,OKLAHOMA CITY,OK,,,
300 zW 47dH bd,,OKLAHOMA CITY,OK,,,
304 EqqEqd,,TALIHINA,OK,,,
444 W 7zD bd,,HEAVENER,OK,,,
447 E qflz pq 4775,,KEOTA,OK,,,
Dfp 599445,,LEXINGTON,OK,,,
47 E pfzzEq,,FAIRLAND,OK,,,
4700 E WqfzGLEq BLVD,,SEMINOLE,OK,,,
4700 W pfzfDlfz,,VINITA,OK,,,
4700 W pfzfDlfz fVE,,VINITA,OK,,,
4704 z Vlzldf  fVE,,TAHLEQUAH,OK,,,
5704 W Bqlddfz qD,,OKLAHOMA CITY,OK,,,
4704 z Vlzldf fVE,,TAHLEQUAH,OK,,,
4704 W dqUDGEfz,,HENRYETTA,OK,,,
747 z fzdEb,,HENRYETTA,OK,,,
4707 W GlLqfqE,,SHAWNEE,OK,,,
4707 W GlLqfqE bd,,SHAWNEE,OK,,,
4705 b 4dH bd,,DUNCAN,OK,,,
474 KlzGbBUqY Dq,,NORMAN,OK,,,
4700 W FlzLEY,,HUGO,OK,,,
4747 FfUq bEfbfzb Dq,,DURANT,OK,,,
3500 z PfqdLfzD,,OKC,OK,,,
4743 zW 477zD bd,,OKLAHOMA CITY,OK,,,
4745 b WEbdEqz,,STILLWATER,OK,,,
4745 W 40dH,,STILLWATER,OK,,,
787 pq 3300,,FAIRFAX,OK,,,
4745 W 40dH fVE,,STILLWATER,OK,,,
5804 z ffKWffD,,ENID,OK,,,
4747 E pfLLEGE,,BROKEN ARROW,OK,,,
7448 E 84 bd fPd 5700,,TULSA,OK,,,
3333 z PEfqlf,,TULSA,OK,,,
4747 E pfLLEGE bd,,BROKEN ARROW,OK,,,
4770 E ELEpdqlp fVE,,MCALESTER,OK,,,
4773 BfLdlqfqE bd,,DURANT,OK,,,
547 bW 7zD,,OKLAHOMA CITY,OK,,,
474 z fLLEz bd,,OKLAHOMA CITY,OK,,,
4744 WffDLfzD LffP,,BARTLESVILLE,OK,,,
440 HlLpqEbd fVE,,ELBERTON,GA,,,
4300 W LlzDbfY,,SULPHUR,OK,,,
479 E DfWzb,,WOODWARD,OK,,,
4304 z 5dH,,TONKAWA,OK,,,
4304 z 5dH bd,,TONKAWA,OK,,,
4305 bE fDfqb,,IDABEL,OK,,,
4307 E 3dH bd,,SIOUX FALLS,SD,,,
4307 q D qlLLEq Dq,,OKMULGEE,OK,,,
4504 pLfYdfz fVEzUE,,POTEAU,OK,,,
4347 E 57zD bd z,,TULSA,OK,,,
7489 z HfqdFfqD fPd D,,TULSA,OK,,,
43500 BqfzDfz PL,,OKLAHOMA CITY,OK,,,
43543 pq 3300,,ADA,OK,,,
774 W fLlVE,,STROUD,OK,,,
837 lbfBEL,,ARDMORE,OK,,,
4374 bPqlzG qlDGE qD,,ENID,OK,,,
305 E 40dH bdqEEd,,ADA,OK,,,
43593 pq 3300,,ADA,OK,,,
4400 BUEzf Vlbdf,,MWC,OK,,,
4400 BUEzf Vlbdf fVE,,MID WEST CITY,OK,,,
3707 E 34bd,,TULSA,OK,,,
300 W WfbHlzGdfz,,ANADARKO,OK,,,
4400 z WfVEqLY,,PONCA CITY,OK,,,
4400 b qflz,,GROVE,OK,,,
4400 E bd  zE,,MIAMI,OK,,,
4404 z GfqLfzD qD,,ENID,OK,,,
4440 z pHfpdfW,,DEWEY,OK,,,
4443 b pHlpKfbfW,,PAULS VALLEY,OK,,,
8700 zfdlfzfL fVE,,MIDWEST CITY,OK,,,
4445 b qflz,,KINGFISHER,OK,,,
778 zW 70dH bd,,OKLAHOMA CITY,OK,,,
4445 b qflz bd,,KINGFISHER,OK,,,
4445 W 45dH bd,,SULPHUR,OK,,,
505 b 7dH bd,,DAVIS,OK,,,
4430 E 9dH bd,,OKMULGEE,OK,,,
45 Fflqqfzd BLVD,,RAPID CITY,SD,,,
4504 pLfYdfz,,POTEAU,OK,,,
4504 pLfYdfz fVE,,POTEAU,OK,,,
4504 z 8dH bd,,NOBLE,OK,,,
4503 W HfqBEq qD,,GROVE,OK,,,
404 W qlpKEzBfpKEq D,,MIDWEST CITY,OK,,,
45033 ELq pqEEK qD,,OKC,OK,,,
4504 z pEDfq fVE,,TAHLEQUAH,OK,,,
4545 pfzdEqBUqY BLVD,,ALTUS,OK,,,
7007 zW 57zD bd,,LAWTON,OK,,,
4573 b VlqGlzlf fVE,,ATOKA,OK,,,
4530 zE GqfzD BLVD,,OKLAHOMA CITY,OK,,,
4300 E HWY 770,,HOLDENVILLE,OK,,,
4303 b 49dH bd,,CHICKASHA,OK,,,
4377 E BqffDWfY,,MUSKOGEE,OK,,,
4330 3qD fVE zE,,ARDMORE,OK,,,
4700 zW Fd blLL BLVD,,LAWTON,OK,,,
4704 E 3dH bd,,OKMULGEE,OK,,,
370 b 777dH Efbd fVE,,CATOOSA,OK,,,
4705 BfqEz BLVD,,SEMINOLE,OK,,,
300 WEbd WfbHlzGdfz,,ANADARKO,OK,,,
47440 E 54bd bd,,BROKEN ARROW,OK,,,
4779 E YfUzG PL,,TULSA,OK,,,
4779 b BfLdlqfqE fVE,,TULSA,OK,,,
4844 9dH fVE zW,,ARDMORE,OK,,,
4845 E bKELLY Dq,,TULSA,OK,,,
4834 z Bfbdfz fVE,,TULSA,OK,,,
44573 zE 33dH bdqEEd,,CHOCTAW,OK,,,
48504 zE 33qD bd,,HARRAH,OK,,,
4900 W qfpfqdHUq,,SHAWNEE,OK,,,
4904 PfqKVlEW Dq,,EL RENO,OK,,,
4974 zE 74bd bd,,OKLAHOMA CITY,OK,,,
4943 zE 50 bd,,OKC,OK,,,
4943 zE 50dH,,OKLAHOMA CITY,OK,,,
4943 zE 50dH bd,,OKLAHOMA CITY,OK,,,
4947 z pfLpfqD fVE,,COLCORD,OK,,,
307 W qflz bd,,IMMOKALEE,FL,,,
300 E 733qD bd,,BRONX,NY,,,
35784 b 4440 qD,,VINITA,OK,,,
707 b 44dH bd,,TACOMA,WA,,,
4774 zW 4dH bd,,OKLAHOMA CITY,OK,,,
8403 GEfqGlf fVE,,SILVER SPRING,MD,,,
477 DfqfdHY DfY PL,,ST PAUL,MN,,,
447 b JfHz bd,,ANGOLA,IN,,,
3750 z qfzqfE bd,,MONROE,MI,,,
4500 W Wfqq bPqlzGb qD,,HENDERSON,NV,,,
4744 PfYzE fVE,,CLEVELAND,OH,,,
4045 pfqqEqpE fVE,,VERO BEACH,NC,,,
389 qflz bd,,HAVERHILL,MA,,,
439 qfqlEddf bd zW,,ATLANTA,GA,,,
404 blLVEq DfLLfq WfY,,CHICO,CA,,,
5884 EL PfLfqlzf Dq,,RIVERSIDE,CA,,,
407 E ffK bd,,TEXARKANA,TX,,,
4530 pfqzWfLL fVE,,BELLINGHAM,WA,,,
7050 3dH fVE,,NEPTUNE CITY,NJ,,,
7735 BfqDbdfWz qD,,ST CATHARINE,KY,,,
405 dEXfb bd bE,,ALBUQUERQUE,NM,,,
300 bpHEELEq qD,,CHESTERTOWN,MD,,,
43 pfqqUzldY PL,,CROWNSVILLE,MD,,,
475 WffDBUqY-dUqzEqbVlLLE qD,,BLACKWOOD,NJ,,,
7779 KlzG bd,,ALEXANDRIA,VA,,,
8349 JfHz DfWEq qD bW,,LAKEWOOD,WA,,,
4405 BqfWzb Lz,,LOUISVILLE,KY,,,
407 ffK bd,,TEXARKANA,TX,,,
4500 7zD bd bW,,ALBUQUERQUE,NM,,,
570 E qfqKEd bd,,INDIANAPOLIS,IN,,,
4378 7zD bd,,SANTA MONICA,CA,,,
7495 GULF bd,,BEAUMONT,TX,,,
803 z JEFFEqbfz fVE,,SPRINGFIELD,MO,,,
8347 WffDWfqD fVE,,DETROIT,MI,,,
93 HWY 49,,LUMBER CITY,GA,,,
4974 zE 74 bd,,OKLAHOMA CITY,OK,,,
4974 zE 74bd,,OKLAHOMA CITY,OK,,,
704 zE 50dH bd,,OKLAHOMA CITY,OK,,,
704 W 5dH bd,,ADA,OK,,,
704 W WfLzUd bd,,TECUMSEH,OK,,,
704 WEbd WfLzUd,,TECUMSEH,OK,,,
703 W qflz bd,,ASHER,OK,,,
7044 zW 7dH bd,,OKLAHOMA CITY,OK,,,
705 z LlzpfLz,,WAGONER,OK,,,
705 z LlzpfLz fVE,,WAGONER,OK,,,
744 z 5dH bdqEEd,,JENKS,OK,,,
709 E GfqBEq qD,,GARBER,OK,,,
4374 bPqlzG qlDGE,,ENID,OK,,,
709 z 5dH bd,,GROTON,SD,,,
7447 b 43dH bd,,CLINTON,IA,,,
7400 dfWzbEzD Dq,,EL RENO,OK,,,
7400 dfWzbEzD DqlVE,,EL RENO,OK,,,
905 BEfLL qD,,KINGFISHER,OK,,,
7470 BqffDWfY,,MOORE,OK,,,
304 W 4bd bdqEEd,,CHANDLER,OK,,,
7470 z BqffDWfY,,MOORE,OK,,,
4400 BW GEfqGlf bd,,JONES,OK,,,
3309 qflzdqEE DqlVE,,OKLAHOMA CITY,OK,,,
743 qflz bd,,HENDRIX,OK,,,
743 W qfbb fVE,,FLANDREAU,SD,,,
7454 b 85dH E fVE,,TULSA,OK,,,
749 W pEDfq,,STIGLER,OK,,,
775 z BqffDWfY,,CARNEGIE,OK,,,
7300 W BqffDWfY,,COLLINVILLE,OK,,,
4700 E 444bd bd,,GLENNPOOL,OK,,,
7300 W lfWf fVE,,CHICKASHA,OK,,,
7300 W zfBLE,,GUTHRIE,OK,,,
7300 W zfBLE fVE,,GUTHRIE,OK,,,
7343 W qfDELLE,,CLINTON,OK,,,
7304 BELL fVE,,ELK CITY,OK,,,
7375 zW 444dH bd,,OKLAHOMA CITY,OK,,,
7333 dUbpfzY BLVD,,THE VILLAGE,OK,,,
903 z BLVD,,EDMOND,OK,,,
770 fVfz fVE fPd 4,,PLAINFIELD,IN,,,
7400 bW 55dH,,OKLAHOMA CITY,OK,,,
7400 bW 55dH bd,,OKLAHOMA CITY,OK,,,
7400 W qfDELLE,,CLINTON,OK,,,
7400 WHldEb qEfDfW,,HARRAH,OK,,,
7443 z fzz fqBfq,,OKLAHOMA CITY,OK,,,
7443 z fzz fqBfq fVE,,OKLAHOMA CITY,OK,,,
5775 b qfbb fVE,,OKLAHOMA CITY,OK,,,
7443 W 54bd b,,TULSA,OK,,,
7443 W 54bd bd,,TULSA,OK,,,
7500 b 47dH bd,,CHICKASHA,OK,,,
7505 UqBfz LEfGUE pd,,OKLAHOMA CITY,OK,,,
7570 b qfzKlz,,EDMOND,OK,,,
7340 pEDfq pqEEK Dq,,ALTUS,OK,,,
7804 zW 34bd,,OKC,OK,,,
7804 zW 34bd bd,,OKLAHOMA CITY,OK,,,
307 WEbd WfbHlzGdfz,,ANADARKO,OK,,,
7900 PfqKLfWz Dq,,MIDWEST CITY,OK,,,
7904 bE 77zD bdqEEd,,OKLAHOMA CITY,OK,,,
7904 bE 77zD,,OKLAHOMA CITY,OK,,,
7904 bE 77zD bd,,OKLAHOMA CITY,OK,,,
300 b bEqlzfLE,,WEWOKA,OK,,,
304 E DfLE,,NORMAN,OK,,,
304 E DfLE bd,,NORMAN,OK,,,
304 b ffKWffD qD,,ENID,OK,,,
304 W BqffDWfY bd,,LEXINGTON,OK,,,
307 W WfbHlzGdfz,,ANADARKO,OK,,,
GEzEqfL DELlVEqY,,MUSKOGEE,OK,,,
307 W WfbHlzGdfz bd,,ANADARKO,OK,,,
307 W WfbHlzGdfz fVE,,ANADARKO,OK,,,
308 E WffDqfW bd,,TULSA,OK,,,
340 BqffKblDE Dq,,MADILL,OK,,,
340 W dfFd,,SAPULPA,OK,,,
34075 pfUzdY bd 7585,,FT COBB,OK,,,
3440 HEfLdHPLEX Dq,,NORMAN,OK,,,
704 qEED fVE,,NORMAN,OK,,,
44444 438dH bd,,LEXINGTON,OK,,,
3475 zE 44dH PLfpE,,OKLAHOMA CITY,OK,,,
374 bE 7zD,,CHECOTAH,OK,,,
3777 W BqffDWfY,,ARDMORE,OK,,,
3733 zW 40 bd,,OKLAHOMA CITY,OK,,,
3733 zW 40dH bd,,OKLAHOMA CITY,OK,,,
3347 bE 48,,DEL CITY,OK,,,
7904 bE 77zD  bd,,OKLAHOMA CITY,OK,,,
3347 bE 48dH,,DEL CITY,OK,,,
3434 KEzdUpKY PL,,BARTLESVILLE,OK,,,
3434 bE KEzdUpKY PL,,BARTLESVILLE,OK,,,
3500 HfbKELL BLVD,,MUSKOGEE,OK,,,
Pf BfX 93,,OKTAHA,OK,,,
3504 W WfbHlzGdfz,,BROKEN ARROW,OK,,,
3304 z pfLUqBlf,,TULSA,OK,,,
3304 z pfLUqBlf fV,,TULSA,OK,,,
3304 z pfLUqBlf PL,,TULSA,OK,,,
37098 b 4449 qD,,VINITA,OK,,,
3748 z PfqdLfzD,,OKLAHOMA CITY,OK,,,
3748 z PfqdLfzD fVE,,OKLAHOMA CITY,OK,,,
3800 z WfbHlzGdfz bd,,STILLWATER,OK,,,
3804 z Bfqq,,OKC,OK,,,
3804 z Bfqq fVE,,OKLAHOMA CITY,OK,,,
38804 HfqDEbdY qD,,SHAWNEE,OK,,,
39 E 33qD,,EDMOND,OK,,,
39 E 33qD bd,,EDMOND,OK,,,
39 bE 33qD bd,,EDMOND,OK,,,
400 z BqffDWfY,,INOLA,OK,,,
400 b bpfdd bd,,DEL CITY,OK,,,
3305 zW 40dH  fPd 4,,OKLAHOMA CITY,OK,,,
404 b qflz,,SPIRO,OK,,,
405 z 70dH,,GUTHRIE,OK,,,
405 z 70dH bd,,GUTHRIE,OK,,,
407 WHldEBlqD,,QUAPAW,OK,,,
57900 E 740 qD,,FAIRLAND,OK,,,
5470 b VfzDfLlf fVE,,TULSA,OK,,,
440 z 30dH,,ENID,OK,,,
4409 z 47dH bdqEEd,,ENID,OK,,,
440 z 30dH bd,,ENID,OK,,,
4400 zEWPfqd fVE,,OKLA CITY,OK,,,
307 WffDLfzD Dq,,EUFAULA,OK,,,
444 z WEbd bd,,MCALESTER,OK,,,
444 zfqdH WEbd bd,,MCALESTER,OK,,,
449 E fKLfHfqf fVE,,BLACKWELL,OK,,,
474 z DfdE fVE,,BROKEN ARROW,OK,,,
475 E dfzHfWf bd,,NORMAN,OK,,,
4970 BqffKLlzE Dq,,BARTLESVILLE,OK,,,
500 E qEfDfWLfqK Lz,,BRISTOW,OK,,,
500 b YfqK,,MUSKOGEE,OK,,,
500 bfUdH YfqK,,MUSKOGEE,OK,,,
504 W pfDDf,,WILBURTON,OK,,,
844 W ELK,,DUNCAN,OK,,,
505 b 7dH,,DAVIS,OK,,,
509 W LfpUbd bd,,STILWELL,OK,,,
544 pfLBEqd bE,,ARDMORE,OK,,,
547 bW 7zD bd,,OKLAHOMA CITY,OK,,,
5470 b VfzDfLlf  fVE,,TULSA,OK,,,
570 E fKLfHfqf fVE,,TONKAWA,OK,,,
573 z 4bd,,KINGFISHER,OK,,,
7403 pfUzdqY pLUB qD,,DUNCAN,OK,,,
574 z 7zD bd,,HOLLIS,OK,,,
575 b pHfpdfW,,GEARY,OK,,,
4904 b 38dH E fVE,,TULSA,OK,,,
4400 z WfVEqLY bd,,PONCA CITY,OK,,,
4340 z BqYfz fVE,,SHAWNEE,OK,,,
535 W FEDEqfL bd,,SHAWNEE,OK,,,
5534 z HfqdFfqD PL,,TULSA,OK,,,
5300 b WfLKEq,,OKLAHOMA CITY,OK,,,
5300 b WfLKEq fVE,,OKLAHOMA CITY,OK,,,
5775 bfUdH qfbb fVE,,OKLAHOMA CITY,OK,,,
5800 W fKqULGEE,,MUSKOGEE,OK,,,
300 74dH fVE bW,,NORMAN,OK,,,
874 b YUKfz PKWY,,YUKON,OK,,,
300 74dH PLfpE,,NORMAN,OK,,,
300 W FqfzdfGE qD,,OKEMAH,OK,,,
304 z qflz bd,,TULSA,OK,,,
404 plqfqqfz Dq,,MANNFORD,OK,,,
307 z q bd,,MUSKOGEE,OK,,,
304 bUzzYDfLE qD,,BOX ELDER,SD,,,
307 z 5dH bd,,JAY,OK,,,
307 WffDLfzD,,EUFAULA,OK,,,
307 WffDLfzD fVE,,EUFAULA,OK,,,
3400 b WfLKEq fVE,,OKLAHOMA CITY,OK,,,
344 E pHEqqlE,,TAHLEQUAH,OK,,,
344 E pHEqqlE bd,,TAHLEQUAH,OK,,,
345 E qfqqlb,,MCALESTER,OK,,,
345 E qfqqlb fVE,,MCALESTER,OK,,,
345 E qEDWffD,,SALLISAW,OK,,,
343 b Fqfzd bd,,MEDFORD,OK,,,
4400 Efbd z E,,MIAMI,OK,,,
370 b fLfBfqf,,WETUMKA,OK,,,
804 HWY 48,,HOLDNEVILLE,OK,,,
3504 W WfbHlzGdfz bd,,BROKEN ARROW,OK,,,
3745 z FqfzKFfqd fVE,,TULSA,OK,,,
704 bW 30dH,,OKLAHOMA CITY,OK,,,
7074 dUqzEq bd,,PONCA,OK,,,
3500 z PfqdLfzD fVE,,OKLAHOMA CITY,OK,,,
3504 z qfpfqdHUq,,OKLAHOMA CITY,OK,,,
3504 z qfpfqdHUq BLV,,OKLAHOMA CITY,OK,,,
394 47dH fVE zW,,ARDMORE,OK,,,
394 47dH bd zW,,ARDMORE,OK,,,
3939 E qfqbHfLL bd,,TULSA,OK,,,
4345 z 45dH bd,,WACO,TX,,,
47047 BfYEddE qD,,RIVERVIEW,FL,,,
4040 pUqqlE fVE,,MINNEAPOLIS,MN,,,
477 DlpKEqbfz bd,,SYRACUSE,NY,,,
7004 fqPd qD b,,NAPLES,FL,,,
4374 z p bd,,SACRAMENTO,CA,,,
4738 z HffVEq bd,,LOS ANGELES,CA,,,
7749 LlzDEz BLVD,,BROOKLYN,NY,,,
4304 E 4dH fVE,,RED SPRINGS,NC,,,
800 E 38dH bd,,SAVANNAH,GA,,,
345 W DUfqdE qD,,MONROVIA,CA,,,
383 PfPLfq fVE,,MEMPHIS,TN,,,
4504 qfzqfE bd,,TOLEDO,OH,,,
73347 W WfbHlzGdfz bd,BUILDING 94-1,PETERSBURG,VA,,,
70 E WfbHlzGdfz bd,,CHAMPAIGN,IL,,,
5885 33dH bd z,,ST PETERSBURG,FL,,,
3544 PUEzdE fVE,,BALDWIN PARK,CA,,,
543 WlLLfW bd,,ALAMEDA,CA,,,
430 z 7zD bd,,READING,PA,,,
5333 z bHEqlDfz qD,,CHICAGO,IL,,,
47 W FqfzKLlz bd,,BALTIMORE,MD,,,
7900 pLfY EDWfqDb Dq,,NORTH KANSAS CITY,MO,,,
4370 pLflqqfzd qD,,DECATUR,GA,,,
44850 qfbpfE BLVD,,PANORAMA CITY,CA,,,
7045 blLVEqfDf BLVD,,RENO,NV,,,
577 pfqzfdlfz bd,,TUPELO,MS,,,
945 z pfLLEGE bd,,CHARLOTTE,NC,,,
3434 b qflz bd,,MOULTRIE,GA,,,
7070 zW 4bd fVE,,MIAMI,FL,,,
800 qfbE bd,,LEXINGTON,KY,,,
4400 z fzDqEWb fVE,,FORT LAUDERDALE,FL,,,
475 bfUdH dfpfqf WfY,,TACOMA,WA,,,
7400 BfbbEdd Dq,,MANKATO,MN,,,
4770 5dH fVE bE,,CEDAR RAPIDS,IA,,,
7070 zW 4bd fVE,,MIAMI,FL,,,
8004 BqUpEVlLLE qD,,SACRAMENTO,CA,,,
855 WfdEqLff bd,,RAPID CITY,SD,,,
4700 blLVEq plq,,BARABOO,WI,,,
374 40dH bd,,HUNTINGTON,WV,,,
43770 bfYqE bd,,SYLMAR,CA,,,
3444 VlLLf fVE,,BRONX,NY,,,
374 HfEb Lz W,,PISCATAWAY,NJ,,,
4744 dfPblDE qD,,LOUISVILLE,TN,,,
4054 bfUdHFlELD Dq,,PLAINFIELD,IL,,,
759 b PEfqL bd,,ALBANY,NY,,,
700 qfY bd,,ATTLEBORO,MA,,,
774 pEDfq bd,,PADEN,OK,,,
4900 pffPEq qD,,CINCINNATI,OH,,,
795 bW 4dH fVE,,POMPANO BEACH,FL,,,
345 W qlLL qD,,MAPLE SHADE,NJ,,,
3744 WfbHBUqz bd,,MISSOULA,MT,,,
7470 BUdfzf Dq,,SACRAMENTO,CA,,,
3704 E qffqE fVE,,SEARCY,AR,,,
4304 Kb-734,,LARNED,KS,,,
44440 W Plpf BLVD,,LOS ANGELES,CA,,,
7350 LEVY bd,,SHREVEPORT,LA,,,
400 b EzfLf Dq,,ENOLA,PA,,,
745 b WEbdPLEX fVE,RM 3,BLOOMINGTON,IN,,,
7430 lzKbdEq qD,,DEARBORN HEIGHTS,MI,,,
340 PfplFlp bd,,HOUSTON,TX,,,
45 LfWEq WEbdFlELD qD,,HOLYOKE,MA,,,
304 W 4bd bd,,CHANDLER,OK,,,
4744 PfYzE fVE,,PAYNE,OH,,,
4930 BqffD bd,,PHILADELPHIA,PA,,,
304 40dH bd,,NIAGARA FALLS,NY,,,
4548 E DfLE bd,,SPRINGFIELD,MO,,,
44304 WlLbHlqE BLDV,,LOS ANGELES,CA,,,
77330 b plpEqf fVE,,RICHTON PARK,IL,,,
7434 b 47dH bd,,WILMINGTON,NC,,,
7034 bW 37zD fVE,,SOUTH MIAMI,FL,,,
375 b bEfGqfVE bd,,DAYTONA BEACH,FL,,,
475 pfqqUzldY Dq,,MARION,OH,,,
75 bdfzlFfqD bd,,BOSTON,MA,,,
4454 b fLVfqfDf bd,,LOS ANGELES,CA,,,
355 FlbHKlLL fVE,,BEACON,NY,,,
545 W EUpLlD fVE,,DELAND,FL,,,
3579 WfLzUd fVE,,CARMICHAEL,CA,,,
345 LfWqEzpE bd,,TOMBALL,TX,,,
377 b fzZf bd,,EL CAJON,CA,,,
377 b BlqpH bd,,MCCLEARY,WA,,,
33437 WfqqEz qD,RM 109,WESTLAND,MI,,,
704 HWY 37,,KINGSTON,OK,,,
7049 zW pfpHE qD,,LAWTON,OK,,,
707 b 9dH bd,,MARLOW,OK,,,
709 z LfWE bd,,HOBART,OK,,,
744 b BqffDWfY,,MARLOW,OK,,,
747 W qflz bd,,YUKON,OK,,,
7344 E zEWdfz bd,,TULSA,OK,,,
7304 QUfzfH PfqKEq,,LAWTON,OK,,,
7707 b qEqfqlfL Dq,,TULSA,OK,,,
340 E Zlfz,,TULSA,OK,,,
804 z 493qD E fVE,,CATOOSA,OK,,,
804 z 3dH,,PURCELL,OK,,,
804 z WfbHlzGdfz,,WEATHERFORD,OK,,,
845 z pfUzdqY pLUB,,ADA,OK,,,
845 W qflzE,,ENID,OK,,,
874 b YUKfz PfqKWfY,,YUKON,OK,,,
547 z BqffDWfY,,BINGER,OK,,,
844 z 38dH bd,,MUSKOGEE,OK,,,
8545 z 473qD E fVE,,OWASSO,OK,,,
900 z DlVlblfz,,CLEVELAND,OK,,,
900 qfzpHWffD Dq,,WILBURTON,OK,,,
903 z BfULEVfqD,,EDMOND,OK,,,
9774 HfqqfzY Dq,,MIDWEST CITY,OK,,,
934 z pfUzdqY pLUB,,ADA,OK,,,
940 bW 84dH bd,,OKLAHOMA CITY,OK,,,
9400 bd fzz Dq,,OKC,OK,,,
9400 bd fzz DqlVE,,OKLAHOMA CITY,OK,,,
4400 W 4bd bd,,WEWOKA,OK,,,
99 zE 475 plqpLE,,SPAVINAW,OK,,,
9934 b 789dH E fVE,,COWETA,OK,,,
4707 BqfWz bd,,NEW CASTLE,PA,,,
749 b Jlq dHfqPE BLVD,,PRAGUE,OK,,,
7370 WlLLlbdfz qD,,AIKEN,SC,,,
437 W 700 b,,SALT LAKE CITY,UT,,,
779 z WfbHlzGdfz fVE,,MOBILE,AL,,,
4379 qEPUBLlp bd,,CINCINNATI,OH,,,
577 fzfqfbf bd,,RAPID CITY,SD,,,
404 plqqfqqfz Dq, ,MANNFORD,OK,,,
3947 zW 73qD bd,,BETHANY,OK,,,
73 W qfpHEL bd,,BIXBY,OK,,,
3073 PfzdHEqbVlLLE qD,,ATLANTA,GA,,,
3534 LfKELfzD Dq,,FLOWOOD,MS,,,
390 qED bpHffL Lz,,PHILLIPSBURG,NJ,,,
73890 LEWEb GEfqGEdfWz HWY,,HARBESON,DE,,,
47440 E 54bd bd b,,BROKEN ARROW,OK,,,
7503 z JEFFEqbfz bd,,ENID,OK,,,
344 b qfDlbfz fVE,,TULSA,OK,,,
373 pfLLfHfz bd,,MUSKOGEE,OK,,,
304 LfKE qUqqfY Dq,,ARDMORE,OK,,,
4470 3qD fVE,,SAN DIEGO,CA,,,
4709 b qflz bd,,BROKEN ARROW,OK,,,
5774 b LEWlb fVE,,TULSA,OK,,,
407 E BfqpLfY bd,,HENRYETTA,OK,,,
4400 E bd zE,,MIAMI,FL,,,
4470 lLLlzflb bd,,MUSKOGEE,OK,,,
4370 zE 4bd PL,,PRYOR,OK,,,
7470 z BqffDWfY fVE,,MOORE,OK,,,
444 GEbd bd,,CINCINNATI,OH,,,
4407 zW 7dH bd,,STIGLER,OK,,,
4804 b PEqKlzb qD,,STILLWATER,OK,,,
30049 E 454 bd b,,COWETA,OK,,,
4300 W HfUbdfz bd,,BROKEN ARROW,OK,,,
500 b YfqK bd,,MUSKOGEE,OK,,,
543 z BqffDWfY fVE,,BINGER,OK,,,
774 W fLlVE bd,,STROUD,OK,,,
959 bW 407dH bd,,OKLAHOMA CITY,OK,,,
4700 W pfLLEGE bd,,LIBERTY,MO,,,
370 pfqEY bd,,MANGUM,OK,,,
3333 E 78dH bd,,TULSA,OK,,,
5804 z ffKWffD qD,,ENID,OK,,,
4844 LfqBfqDY Dq,,RAPID CITY,SD,,,
30049 E 454bd bd b,,COWETA,OK,,,
4775 bE 59dH bd,,OKLAHOMA CITY,OK,,,
304 z BEfqD fVE,,SHAWNEE,OK,,,
434 b bdfdE LlzE qD,,COLCORD,OK,,,
4447 bW 74 bd,,OKLAHOMA CITY,OK,,,
740 zW 37zD bd,,OKLAHOMA CITY,OK,,,
744 z 5dH bd,,JENKS,OK,,,
7404 z 4dH bd,,FLAGSTAFF,AZ,,,
747 z Uzlfz fVE,,FERGUS FALLS,MN,,,
750 b dffLE fVE,,TUCSON,ZA,,,
4045 WEbd BLVD, ,MOULTRIE,GA,,,
4743 E BfLdlqfqE bd,,BALTIMORE,MD,,,
4079 E BfLdlqfqE bd,,BALTIMORE,MD,,,
4307 qD qlLLEq Dq,,OKMULGEE,OK,,,
5400 zW 73qD bd,,OKLAHOMA CITY,OK,,,
4033 E WfbHlzGdfz,,INDIANAPOLIS,IN,,,
4405 E qflz bd,,TISHOMINGO,OK,,,
4504 z 8dH,,NOBLE,OK,,,
4774 zW 4dH,,OKLAHOMA CITY,OK,,,
4300 W HfUbdfz,,BROKEN ARROW,OK,,,
543 z BqffDWfY,,BINGER,OK,,,
7544 fLBEqfqLE qD,4E,BROOKLYN,NY,,,
940 bW 84dH,,OKLAHOMA CITY,OK,,,
300 z 47dH bd,,OZARK,AR,,,
7400 pfzdlzEzdfL bd,,BUTTE,MT,,,
4500 W qflz bd,,WALNUT RIDGE,AR,,,
79-04 BqffDWfY,,QUEENS,NY,,,
4074 z GfLLfWfY fVE,,MESQUITE,TX,,,
404 z WldpHDUpK qD,,VIRGINIA BEACH,VA,,,
503 b qflz bd,,GORE,OK,,,
473 VfqzUq fVE,,LOWELL,MA,,,
70 bUqqld bd,,WEST ORANGE,NJ,,,
4373 W DELqfq fVE,,GODFREY,IL,,,
4540 W qflz bd,,DUNCAN,OK,,,
730 b 8dH bd,,MINNEAPOLIS,MN,,,
7475 W zEW HfVEz fVE,,WEST MELBOURNE,FL,,,
5340 BfLL pfqP PlKE,,KNOXVILLE,TN,,,
443 E qEBfUzD qD,,LANCASTER,SC,,,
4400 YfbEqldE BLVD,,MODESTO,CA,,,
300 z Kfzbfb fVE,,TOPEKA,KS,,,
784 fUDfBfz fVE,,NEW YORK,NY,,,
70344 EUpLlD fVE,,EUCLID,OH,,,
774 bUbbEX fVE,,NEWARK,NJ,,,
439 bHELDfz fVE bE,,GRAND RAPIDS,MI,,,
35 pHfqLEb GfY LffP,,NEW YORK,NY,,,
44 UPPEq qlVEqDfLE qD bW,,RIVERDALE,GA,,,
5530 VlqGlzf BEfpH BLVD,,VIRGINIA BEACH,VA,,,
999 GlqL bpfUd qD,,BURNS,TN,,,
43338 bE EfbdGfdE WfY,,BELLEVUE,WA,,,
805 z 43qD bd,,GRAND FORKS,ND,,,
8794 Ub HWY 77,,BURNSIDE,KY,,,
474 HfbPldfL Dq,,WATERTOWN,WI,,,
3044 KEzlLWfqdH BLVD,,SEBRING,FL,,,
54 qEYzfLDb bd,,DANIELSON,CT,,,
349 b qfqlfz fVE,,LAKE CITY,FL,,,
4400 EVfzGEL Dq,,HUNTSVILLE,AL,,,
